lzc_mode0,lzc_mode1,lzc_mode2,lzc_mode3,lzc_mode4,BIS
1364,757,785,1244,116,97.7
1351,757,790,1253,117,97.7
1329,738,782,1257,119,97.7
1283,719,772,1260,122,97.7
1244,702,762,1248,120,97.7
1175,669,754,1248,122,97.7
1153,669,761,1249,125,97.7
1132,669,757,1251,122,97.7
1113,664,762,1247,116,97.7
1110,670,760,1250,122,97.7
1091,650,756,1228,118,97.7
1012,626,732,1204,101,97.7
982,614,717,1184,90,97.7
969,610,719,1176,86,97.7
965,609,712,1170,79,97.7
961,606,712,1172,80,97.7
956,614,715,1171,82,97.7
914,603,704,1158,75,97.7
915,604,688,1152,71,97.7
912,600,682,1142,64,97.7
900,595,677,1147,64,97.4
903,591,673,1151,65,97.4
894,588,684,1162,62,97.4
891,592,683,1159,63,97.3
864,591,672,1140,57,97.3
837,592,663,1133,48,97.3
841,593,664,1138,48,97.3
848,599,669,1137,49,97.3
859,601,673,1133,49,97.2
877,606,672,1134,49,97.1
879,607,678,1137,51,96.7
883,610,688,1137,51,96.7
882,604,692,1138,52,96.7
883,607,692,1149,53,95.9
882,614,701,1165,64,95.9
890,618,715,1185,87,96.1
889,608,722,1196,97,96.4
885,613,733,1196,102,96.7
888,609,737,1208,108,96.7
894,620,769,1249,125,96.0
852,621,794,1285,136,95.0
858,625,799,1303,148,94.4
857,623,800,1299,152,94.4
853,617,796,1303,153,94.3
850,621,796,1308,153,93.7
843,620,803,1305,152,93.0
854,617,804,1330,156,94.4
844,621,810,1339,158,94.4
841,624,813,1336,155,92.8
840,611,808,1324,145,92.5
850,627,816,1330,143,92.5
851,630,820,1325,143,92.5
842,634,828,1334,146,92.5
832,627,827,1326,137,92.5
827,625,829,1317,138,92.0
827,624,838,1302,132,91.0
846,628,845,1286,134,90.2
874,630,852,1285,133,89.8
889,637,857,1275,130,89.7
897,656,877,1283,128,89.4
899,661,878,1272,129,89.7
916,676,888,1275,129,89.6
938,691,895,1284,127,89.6
959,723,898,1276,127,89.4
973,733,903,1278,127,89.4
982,737,914,1268,128,89.0
987,761,925,1276,129,89.0
1016,789,939,1270,130,88.9
1039,803,948,1253,128,88.9
1045,816,953,1245,126,88.9
1115,841,962,1241,126,88.9
1147,855,971,1250,127,89.4
1155,863,981,1234,125,90.0
1148,869,981,1230,128,90.0
1173,886,984,1219,121,90.0
1195,896,989,1212,121,89.4
1219,912,997,1204,121,89.3
1241,919,1008,1196,121,89.3
1258,935,1013,1195,121,89.5
1275,942,1022,1195,121,89.5
1291,951,1018,1189,122,89.5
1295,968,1025,1194,122,89.7
1300,979,1031,1190,122,89.7
1302,975,1038,1193,120,89.0
1301,986,1049,1199,121,88.9
1306,988,1053,1201,122,88.5
1314,986,1063,1198,121,88.3
1324,998,1061,1197,119,88.4
1333,1015,1074,1188,120,89.3
1333,1022,1071,1185,123,90.4
1338,1028,1081,1166,111,90.8
1347,1023,1074,1142,96,90.8
1351,1029,1071,1133,85,91.1
1347,1030,1078,1114,76,90.9
1356,1034,1084,1111,73,91.1
1349,1031,1067,1063,51,91.1
1356,1020,1051,1023,34,91.3
1390,1034,1041,1000,20,91.5
1397,1038,1064,996,8,91.5
1408,1049,1073,994,8,91.5
1417,1063,1081,982,8,91.5
1424,1069,1092,983,9,91.5
1424,1080,1100,958,7,91.5
1443,1089,1098,946,5,91.5
1448,1094,1096,926,5,90.7
1459,1094,1105,920,5,90.8
1467,1098,1107,905,5,90.8
1473,1116,1112,881,5,89.7
1465,1111,1117,878,5,89.1
1475,1114,1116,845,5,89.1
1497,1127,1112,840,5,89.4
1514,1130,1111,840,5,89.3
1531,1140,1113,835,5,89.7
1536,1149,1115,845,2,89.7
1538,1148,1117,842,2,89.2
1533,1155,1116,837,2,89.4
1546,1163,1113,825,2,89.5
1540,1163,1114,820,2,89.5
1541,1161,1110,821,2,89.5
1536,1158,1110,814,2,89.5
1528,1157,1111,812,2,87.9
1526,1158,1103,813,2,86.4
1532,1145,1099,810,2,86.4
1526,1135,1094,800,2,85.3
1521,1129,1100,804,2,84.8
1513,1126,1084,803,2,83.5
1471,1119,1089,791,2,83.0
1456,1111,1093,785,2,83.5
1444,1093,1087,771,2,84.1
1448,1097,1092,764,2,83.1
1415,1089,1093,765,2,74.7
1400,1088,1090,764,2,66.9
1387,1072,1089,764,2,58.0
1358,1062,1080,760,2,49.9
1346,1044,1073,757,2,46.6
1329,1042,1075,759,2,46.3
1321,1045,1085,759,2,47.0
1309,1038,1085,753,2,48.4
1303,1036,1082,759,2,46.2
1304,1037,1074,769,2,46.0
1314,1042,1074,763,2,46.0
1323,1038,1070,763,2,45.3
1323,1032,1070,754,2,46.3
1311,1020,1069,751,2,46.3
1306,1011,1063,755,2,46.3
1303,1011,1060,772,2,48.5
1303,1008,1060,772,2,53.0
1288,1009,1059,768,2,55.7
1288,1013,1066,769,2,59.8
1286,1017,1062,772,2,62.2
1290,1017,1065,767,2,67.9
1282,1016,1059,759,2,67.9
1288,1025,1055,759,2,67.8
1257,1013,1057,751,2,65.8
1240,1004,1038,749,2,64.9
1237,1000,1036,755,2,72.5
1228,996,1029,753,2,66.0
1229,998,1022,745,2,68.3
1231,1000,1014,750,2,72.7
1221,986,1013,766,2,71.7
1220,988,1012,767,2,69.3
1221,997,1017,765,2,72.9
1224,998,1013,764,2,71.3
1199,987,1019,770,2,74.6
1218,1000,1028,773,2,74.8
1208,992,1029,776,2,74.8
1203,985,1028,766,2,74.7
1184,961,1033,767,2,74.1
1167,965,1035,767,2,67.9
1151,957,1038,765,2,70.9
1132,949,1040,763,2,69.1
1105,933,1039,766,2,69.6
1095,923,1044,759,2,65.9
1086,923,1043,759,2,65.0
1101,929,1033,772,2,67.7
1093,937,1036,778,2,65.9
1080,931,1051,770,2,65.0
1067,921,1051,769,2,65.1
1066,920,1051,765,2,62.1
1067,913,1056,764,2,57.9
1073,905,1065,763,2,54.5
1055,906,1067,767,2,53.5
1065,911,1069,777,2,53.2
1055,900,1078,785,2,54.8
1055,909,1073,784,2,54.4
1066,904,1080,784,2,56.1
1052,886,1082,783,2,57.9
1051,891,1075,795,2,58.7
1042,881,1072,792,2,58.0
1023,886,1081,796,2,59.6
1031,891,1088,798,2,61.7
1043,900,1089,806,2,60.8
1048,898,1088,806,2,61.9
1041,894,1084,811,2,61.8
1036,888,1092,819,2,64.0
1037,895,1090,811,2,64.3
1016,884,1093,822,2,64.6
999,884,1109,817,2,65.0
993,878,1105,826,2,67.2
1006,887,1111,831,2,67.4
994,880,1119,831,2,67.4
999,887,1129,820,2,66.2
1006,888,1143,834,2,68.1
1008,886,1148,837,2,69.9
1002,882,1154,841,2,69.7
1002,877,1159,848,2,69.2
1005,870,1152,841,2,68.7
1012,864,1159,844,2,68.2
1008,872,1156,839,2,67.1
1013,873,1157,846,2,66.1
1016,878,1165,841,2,66.4
1023,876,1178,849,2,67.2
1044,878,1181,843,2,67.2
1059,871,1182,851,2,67.3
1057,855,1184,851,2,67.1
1091,898,1202,874,4,64.5
1129,911,1198,881,5,63.7
1196,911,1202,883,5,65.1
1243,921,1207,873,5,63.5
1259,920,1196,866,5,64.9
1262,919,1188,874,5,66.0
1294,922,1200,872,5,65.9
1307,916,1206,883,5,65.3
1337,932,1211,886,5,65.2
1396,940,1217,891,5,65.3
1411,938,1224,887,5,65.5
1460,946,1225,886,5,64.5
1479,945,1229,884,5,61.7
1499,949,1230,887,5,62.2
1486,961,1228,888,5,61.9
1492,971,1225,875,5,62.3
1512,974,1223,868,5,63.4
1503,979,1229,875,5,63.3
1517,988,1223,877,5,64.0
1536,988,1229,878,5,65.1
1546,993,1230,874,5,65.1
1539,989,1230,882,5,65.1
1545,986,1233,875,5,65.1
1552,992,1239,877,5,66.0
1547,1000,1245,872,5,66.6
1555,1002,1248,876,5,67.0
1555,1007,1255,882,5,67.4
1558,1006,1261,887,5,67.4
1575,1017,1263,879,6,67.6
1592,1020,1266,879,6,67.9
1602,1023,1274,883,6,67.6
1602,1027,1278,884,6,67.4
1611,1036,1280,878,6,68.0
1622,1044,1289,872,6,67.5
1625,1038,1283,868,6,67.1
1642,1044,1283,863,6,66.8
1646,1051,1279,867,6,67.4
1652,1058,1278,877,6,67.4
1669,1053,1276,872,6,66.7
1679,1061,1284,861,6,66.3
1680,1060,1277,853,6,66.0
1687,1069,1283,871,6,66.1
1689,1073,1285,869,6,66.3
1688,1075,1286,864,6,65.9
1693,1086,1279,861,6,65.7
1699,1099,1281,860,6,65.9
1705,1093,1285,858,6,65.9
1709,1095,1304,852,6,65.9
1703,1087,1307,865,6,66.3
1707,1091,1312,871,6,66.6
1716,1098,1327,870,6,66.9
1714,1094,1328,876,6,67.3
1697,1096,1337,874,6,67.3
1696,1097,1339,890,6,65.4
1685,1094,1333,891,6,63.0
1685,1090,1331,891,6,63.0
1664,1072,1321,886,4,63.0
1631,1070,1320,875,2,60.8
1584,1068,1328,887,2,57.1
1533,1063,1327,890,2,53.9
1532,1060,1334,902,2,52.2
1504,1060,1346,906,2,51.6
1509,1064,1343,905,2,50.8
1521,1090,1356,910,2,49.6
1498,1087,1356,913,2,49.4
1470,1092,1358,916,2,48.1
1443,1088,1353,923,2,48.0
1459,1089,1364,910,2,48.1
1464,1098,1379,919,2,48.1
1479,1095,1380,931,2,48.8
1481,1087,1382,926,2,50.2
1471,1085,1383,921,2,50.2
1459,1076,1387,934,2,50.2
1468,1071,1393,939,2,50.1
1457,1076,1396,940,2,50.1
1449,1072,1392,940,2,50.1
1440,1073,1397,947,2,50.1
1440,1080,1402,944,2,50.3
1450,1087,1405,942,2,50.1
1439,1082,1419,942,2,50.6
1435,1076,1430,941,2,51.3
1435,1071,1421,944,2,51.3
1441,1078,1415,947,2,50.6
1447,1085,1418,951,2,50.6
1436,1081,1445,952,2,50.6
1425,1087,1449,953,2,51.4
1393,1081,1451,948,2,52.9
1372,1075,1460,953,2,53.0
1384,1081,1470,959,2,52.8
1369,1079,1467,958,2,49.8
1354,1076,1474,967,2,47.6
1340,1075,1475,965,2,47.7
1363,1075,1480,968,2,48.2
1350,1071,1483,961,2,48.7
1337,1065,1482,961,2,47.7
1343,1060,1482,964,2,50.5
1340,1060,1485,974,2,51.4
1333,1067,1482,969,2,49.4
1342,1063,1470,969,2,49.1
1334,1077,1477,973,2,48.8
1331,1072,1480,961,2,50.6
1322,1073,1482,969,2,49.7
1331,1064,1477,965,2,52.0
1335,1060,1468,975,2,53.2
1335,1068,1469,976,2,57.0
1334,1068,1465,976,2,60.1
1360,1064,1460,978,5,60.1
1362,1065,1466,978,5,59.7
1371,1062,1468,978,5,60.2
1362,1066,1470,976,5,60.2
1392,1118,1507,1027,41,60.2
1378,1113,1501,1019,45,60.5
1406,1118,1495,1012,45,60.9
1467,1129,1500,1003,45,60.9
1495,1131,1495,1000,45,61.7
1503,1132,1497,995,45,62.0
1494,1143,1496,999,45,62.7
1517,1146,1494,994,45,62.7
1503,1146,1488,992,45,62.7
1501,1129,1484,988,45,62.7
1502,1129,1484,987,45,62.7
1490,1125,1486,979,45,62.7
1494,1116,1483,976,45,62.7
1447,1118,1476,975,45,62.7
1422,1119,1477,966,45,63.9
1419,1114,1473,959,45,64.2
1424,1121,1484,969,45,64.2
1438,1124,1477,966,45,64.0
1439,1122,1478,950,45,63.5
1464,1124,1478,948,45,63.6
1438,1108,1470,943,45,63.1
1438,1118,1475,938,45,62.0
1442,1114,1482,940,45,60.9
1443,1114,1482,936,45,60.9
1446,1118,1476,932,45,60.6
1457,1110,1474,934,45,60.3
1455,1102,1467,935,45,60.7
1452,1104,1450,932,45,61.0
1452,1101,1445,943,45,60.6
1450,1099,1440,939,45,57.6
1444,1095,1427,938,45,58.5
1448,1102,1430,959,45,60.1
1452,1099,1430,950,45,60.8
1452,1099,1426,945,45,60.8
1450,1096,1430,946,45,60.9
1462,1100,1418,931,45,60.9
1451,1100,1409,939,45,60.8
1444,1096,1405,937,45,60.8
1423,1086,1405,945,45,60.8
1414,1083,1411,944,45,60.9
1402,1087,1408,946,45,61.9
1398,1088,1409,945,45,61.6
1394,1083,1409,946,45,61.7
1399,1092,1405,950,45,60.9
1379,1084,1415,953,45,60.6
1382,1087,1420,966,45,60.4
1377,1077,1423,971,45,60.5
1374,1070,1425,975,45,60.6
1372,1066,1425,978,45,60.2
1357,1067,1420,978,45,58.3
1372,1073,1421,989,45,54.6
1372,1078,1430,992,45,56.6
1357,1068,1420,984,44,56.5
1344,1065,1418,988,44,56.5
1348,1069,1426,984,44,56.5
1345,1060,1433,978,44,56.5
1302,1003,1395,935,8,56.5
1308,1017,1410,946,2,56.5
1281,1004,1418,944,2,56.5
1221,992,1409,956,2,57.9
1181,988,1414,961,2,59.6
1172,990,1432,968,2,55.9
1169,989,1425,962,2,51.8
1155,981,1423,961,2,51.8
1126,977,1428,958,2,51.8
1088,972,1428,965,2,51.8
1075,965,1433,961,2,51.0
1076,966,1458,960,2,52.7
1060,966,1452,967,2,52.8
1071,967,1456,973,2,54.9
1079,969,1458,984,2,53.2
1075,967,1446,978,2,53.7
1075,964,1435,971,2,53.8
1070,957,1432,981,2,51.7
1059,948,1427,986,2,50.3
1043,956,1434,991,2,47.7
1049,961,1430,992,2,46.6
1038,959,1436,990,2,44.9
1036,955,1431,995,2,46.2
1035,948,1421,994,2,48.2
1032,952,1419,991,2,48.8
1022,948,1418,984,2,49.6
1031,951,1427,991,2,48.9
1034,961,1434,997,2,48.7
1031,966,1439,994,2,48.7
1008,966,1443,997,2,48.7
1006,958,1434,1001,2,49.5
1004,954,1442,1000,2,50.8
1003,958,1446,1002,2,49.2
984,951,1445,1002,2,51.0
985,953,1450,1007,2,54.5
974,952,1441,1013,2,59.6
990,952,1443,1008,2,60.6
979,954,1439,1007,2,60.9
986,961,1452,1017,2,62.0
983,961,1445,1021,2,63.0
990,961,1443,1019,2,62.7
977,962,1450,1021,2,63.6
977,968,1455,1030,2,68.3
977,964,1464,1026,2,68.1
972,955,1452,1028,2,67.6
983,953,1442,1021,2,66.0
976,954,1447,1013,2,65.2
979,950,1429,1004,2,66.5
973,943,1436,1020,2,66.9
975,941,1437,1006,2,67.5
961,934,1429,1008,2,66.9
966,940,1416,999,2,67.0
950,938,1428,1009,2,66.4
958,938,1420,1012,2,66.6
947,925,1409,1013,2,66.2
939,932,1404,1014,2,65.6
940,928,1398,1014,2,65.3
955,925,1399,1012,2,64.9
958,919,1397,1014,2,64.8
950,920,1396,1000,2,65.0
939,920,1400,998,2,65.1
948,920,1404,1007,2,65.0
940,920,1423,1002,2,63.6
950,926,1416,997,2,63.2
940,921,1417,1002,2,62.9
945,930,1422,999,2,62.9
942,929,1422,987,2,62.7
939,918,1411,994,2,62.9
944,929,1426,996,2,62.8
939,935,1428,990,2,63.3
933,932,1433,999,2,63.4
926,935,1441,1002,2,63.2
930,935,1447,1003,2,63.5
925,946,1449,1009,2,63.8
945,941,1457,1008,2,64.0
944,931,1455,1001,2,64.0
939,918,1463,994,2,64.0
930,918,1465,1004,2,64.0
949,927,1480,1008,2,64.1
936,931,1481,1024,2,64.0
927,931,1487,1028,2,64.0
936,936,1499,1034,2,64.1
931,937,1501,1034,2,64.0
891,931,1498,1029,2,63.8
890,934,1512,1029,2,63.7
887,931,1517,1028,2,63.1
895,938,1531,1032,2,62.4
896,926,1526,1035,2,61.7
887,925,1527,1033,2,61.6
894,925,1529,1045,2,62.1
886,927,1526,1037,2,61.5
881,924,1530,1030,2,60.8
872,922,1532,1041,2,60.6
877,923,1543,1050,2,60.5
877,938,1549,1047,2,61.0
885,943,1552,1042,2,62.0
891,947,1547,1041,2,62.8
894,955,1542,1042,2,63.3
899,951,1544,1033,2,64.0
898,957,1540,1031,2,63.9
881,951,1543,1032,2,64.2
895,957,1548,1035,2,64.5
898,956,1548,1042,2,65.0
906,968,1560,1047,2,64.7
905,970,1559,1047,2,64.7
916,986,1564,1054,2,65.0
929,992,1565,1052,2,66.0
951,985,1568,1046,2,66.6
950,985,1562,1037,2,66.5
965,993,1568,1036,2,66.7
963,993,1574,1034,2,66.6
976,1001,1578,1029,2,67.1
991,1002,1577,1038,2,68.0
969,999,1581,1037,2,67.8
984,1012,1573,1032,2,68.6
975,1014,1586,1046,2,68.5
1009,1023,1589,1055,2,68.8
1007,1030,1589,1051,2,68.6
997,1012,1565,1052,2,68.4
1002,1008,1570,1053,2,68.8
1003,1011,1575,1046,2,67.9
991,1009,1577,1041,2,67.2
996,1018,1570,1041,2,66.4
999,1020,1574,1035,2,66.0
1002,1018,1561,1034,2,65.6
1006,1010,1565,1024,2,65.1
993,1017,1573,1017,2,64.9
990,1014,1570,1018,2,64.2
994,1022,1576,1022,2,64.0
994,1010,1574,1019,2,63.6
991,1005,1566,1011,2,63.0
997,1012,1572,1013,2,62.3
988,1022,1564,1022,2,62.1
990,1024,1559,1013,2,62.1
988,1016,1549,1011,2,61.8
997,1024,1548,1004,2,61.9
1002,1025,1539,992,2,61.7
997,1025,1525,991,2,61.3
1015,1020,1511,987,2,61.3
1019,1027,1522,985,2,61.1
1014,1031,1509,979,2,61.0
1022,1027,1504,985,2,60.9
1009,1024,1503,988,2,60.9
1025,1026,1511,985,2,61.0
1031,1037,1511,985,2,61.1
1024,1034,1510,968,2,61.5
1036,1038,1521,972,2,61.6
1034,1032,1527,965,2,61.6
1037,1038,1519,960,2,61.5
1023,1038,1511,957,2,61.5
1021,1021,1503,953,2,61.5
1020,1022,1493,954,2,61.9
1014,1010,1491,947,2,62.1
999,993,1485,942,2,62.3
989,983,1481,941,2,62.3
992,972,1462,936,2,62.5
981,961,1451,924,2,62.9
973,945,1446,918,10,63.0
1003,985,1489,974,77,63.2
1019,1005,1509,995,143,62.9
1022,1000,1517,999,151,62.8
1029,991,1509,997,151,62.9
1027,1003,1515,995,151,63.1
1019,999,1518,993,151,63.9
1016,1006,1525,993,151,63.8
977,1004,1525,1006,151,63.6
972,1003,1528,1004,151,62.5
971,1002,1530,999,151,61.3
976,991,1529,999,151,60.9
952,997,1539,994,151,61.0
948,988,1531,999,151,60.7
955,989,1528,996,151,60.7
918,987,1517,999,151,58.4
920,989,1522,994,151,57.3
935,999,1539,1002,151,57.3
941,995,1527,991,151,57.3
945,997,1521,997,151,58.1
945,999,1520,1007,151,60.8
940,987,1521,1012,151,58.6
930,984,1523,1007,151,61.0
939,987,1526,1017,151,61.4
947,983,1517,1026,151,61.8
951,985,1520,1030,151,62.6
948,987,1525,1034,151,62.3
947,981,1527,1041,151,62.2
950,994,1520,1036,151,62.2
956,1001,1516,1040,151,62.1
949,1000,1512,1048,151,62.0
943,1006,1504,1050,151,61.6
949,1005,1514,1057,151,61.5
962,1001,1525,1052,151,61.7
960,1007,1530,1062,151,60.9
968,1005,1533,1076,151,60.5
952,999,1532,1073,151,60.7
939,1001,1533,1084,151,60.1
945,990,1532,1085,151,59.1
926,992,1537,1085,151,58.8
937,1005,1548,1087,151,57.8
944,1010,1530,1081,151,56.2
938,1013,1526,1073,151,55.5
932,1014,1527,1075,151,55.6
934,1010,1532,1076,151,56.6
933,1026,1519,1071,151,54.8
935,1031,1529,1073,151,53.9
945,1030,1535,1066,151,53.9
951,1031,1548,1077,151,53.9
947,1033,1543,1088,151,53.9
957,1056,1559,1093,151,53.9
970,1070,1585,1101,151,53.9
978,1080,1590,1108,151,53.9
991,1096,1604,1125,151,53.9
1002,1109,1619,1130,151,53.9
1012,1122,1636,1142,151,53.9
1030,1137,1654,1161,154,53.9
988,1102,1612,1119,102,53.9
988,1078,1597,1087,16,53.9
989,1094,1589,1072,2,53.9
992,1087,1594,1071,2,53.2
982,1080,1590,1082,2,51.7
985,1079,1600,1084,2,53.4
983,1078,1604,1082,2,55.5
976,1074,1595,1084,2,57.8
975,1079,1605,1078,2,58.9
978,1076,1607,1079,2,60.5
981,1078,1601,1084,2,61.3
991,1079,1605,1086,2,61.0
997,1094,1616,1084,2,61.2
986,1089,1617,1086,2,61.8
991,1086,1625,1079,2,62.2
1029,1087,1623,1080,2,62.6
1020,1082,1623,1084,2,63.3
1010,1094,1621,1086,2,63.4
1003,1085,1630,1078,2,63.4
999,1076,1638,1092,2,63.6
1006,1081,1644,1090,2,63.6
1016,1085,1647,1091,2,63.7
1005,1083,1648,1089,2,63.7
1027,1086,1644,1090,2,63.1
1021,1087,1641,1086,2,63.3
1020,1083,1627,1083,2,63.3
1024,1091,1625,1080,2,63.4
1034,1091,1640,1072,2,63.2
1033,1094,1645,1072,2,63.4
1029,1090,1644,1065,2,63.4
1038,1091,1644,1060,2,63.2
1039,1099,1667,1060,2,62.8
1041,1102,1664,1059,2,62.4
1080,1111,1648,1048,2,62.1
1090,1110,1645,1037,2,61.8
1105,1122,1638,1043,2,61.7
1106,1136,1639,1042,2,61.4
1094,1136,1644,1040,2,61.0
1104,1129,1641,1041,2,60.9
1093,1131,1628,1038,2,60.8
1104,1132,1639,1042,2,60.7
1096,1118,1646,1039,2,60.7
1097,1114,1647,1038,2,60.4
1110,1126,1652,1032,2,60.4
1115,1124,1651,1026,2,60.5
1112,1120,1644,1023,2,60.4
1091,1122,1648,1023,2,60.5
1095,1110,1635,1026,2,60.5
1102,1107,1637,1022,2,60.3
1094,1095,1645,1022,2,59.0
1090,1096,1629,1018,2,59.2
1094,1091,1632,1019,2,60.6
1087,1098,1627,1014,2,60.6
1088,1098,1622,1012,2,60.9
1095,1095,1604,1004,2,60.9
1084,1095,1600,997,2,60.9
1092,1093,1606,991,2,60.6
1065,1092,1602,991,2,60.6
1082,1084,1593,988,2,59.7
1091,1094,1594,989,2,58.1
1099,1102,1596,993,2,58.0
1108,1102,1588,987,2,57.4
1120,1107,1579,981,2,59.8
1134,1107,1588,980,2,59.8
1129,1108,1586,976,2,59.9
1141,1109,1587,979,2,61.1
1153,1111,1582,978,2,61.1
1162,1109,1567,970,2,61.0
1166,1101,1556,975,2,61.1
1158,1102,1553,977,2,61.4
1160,1109,1554,975,2,61.8
1129,1110,1550,973,2,62.0
1143,1109,1553,971,2,62.1
1142,1108,1554,963,2,62.0
1149,1112,1562,966,2,61.7
1155,1124,1545,947,2,61.6
1159,1121,1552,953,2,61.6
1161,1121,1562,947,2,61.7
1160,1110,1559,943,2,61.7
1157,1116,1566,942,2,61.3
1159,1124,1573,955,2,61.5
1162,1122,1559,956,2,61.7
1157,1125,1573,963,2,62.0
1144,1114,1576,958,2,61.3
1150,1120,1578,955,2,61.2
1168,1117,1570,958,2,60.3
1174,1121,1568,962,2,59.4
1175,1117,1566,963,2,58.5
1166,1111,1570,968,2,58.5
1129,1114,1581,980,2,58.5
1125,1112,1582,981,2,56.9
1123,1116,1601,978,2,54.7
1126,1108,1591,972,2,53.2
1131,1108,1601,979,2,52.2
1138,1121,1609,987,2,53.0
1147,1117,1613,994,2,53.3
1143,1117,1600,997,2,53.1
1142,1115,1595,990,2,51.7
1141,1115,1598,985,2,50.7
1126,1108,1597,994,2,48.7
1132,1118,1601,1002,2,49.9
1119,1111,1610,1008,2,51.0
1122,1108,1626,1008,2,51.3
1123,1116,1633,1017,2,51.5
1131,1121,1643,1013,2,52.2
1128,1117,1638,1013,2,54.8
1133,1123,1640,1014,2,57.7
1148,1125,1633,1013,2,58.6
1153,1127,1628,1013,2,58.6
1152,1126,1630,1010,2,60.0
1155,1123,1640,1014,2,60.8
1169,1131,1635,1013,2,60.9
1164,1129,1635,1011,2,60.8
1165,1135,1632,1009,2,60.8
1156,1132,1639,1009,2,60.8
1117,1141,1644,1010,2,61.8
1093,1135,1654,1006,2,62.5
1102,1120,1656,1009,2,62.7
1105,1118,1655,1005,2,63.2
1089,1122,1658,994,2,63.4
1098,1115,1649,999,2,62.6
1106,1123,1636,998,2,61.8
1098,1113,1637,999,2,60.7
1094,1121,1647,998,2,60.7
1100,1126,1648,997,2,59.6
1099,1115,1641,998,2,60.4
1105,1115,1646,993,2,59.4
1121,1112,1637,990,2,58.2
1110,1109,1638,993,2,57.0
1112,1113,1637,997,2,56.8
1115,1117,1640,999,2,53.6
1126,1116,1641,997,2,52.3
1123,1122,1638,994,2,51.5
1142,1133,1642,998,2,50.5
1141,1134,1642,992,2,49.5
1138,1136,1637,996,2,49.4
1149,1130,1623,991,2,49.1
1149,1133,1624,1001,2,51.2
1146,1134,1613,984,2,50.2
1148,1138,1616,987,2,50.1
1138,1123,1609,977,2,49.4
1143,1115,1619,974,2,47.5
1121,1114,1607,980,2,47.6
1114,1117,1598,986,2,48.4
1109,1119,1594,986,2,49.2
1103,1116,1595,980,2,50.5
1097,1113,1597,983,2,50.6
1114,1113,1583,972,2,50.0
1112,1116,1577,972,2,50.3
1131,1119,1585,972,2,51.2
1120,1103,1590,963,2,51.5
1126,1093,1582,955,2,51.9
1121,1086,1595,969,2,51.6
1130,1075,1599,966,2,53.1
1128,1078,1591,966,2,51.1
1136,1081,1582,961,2,49.7
1134,1074,1581,948,2,50.5
1140,1077,1573,942,2,50.9
1137,1079,1567,937,2,49.9
1153,1082,1551,934,2,50.5
1164,1076,1543,921,2,51.7
1165,1074,1535,913,2,52.2
1168,1070,1537,899,2,52.0
1150,1070,1542,912,2,51.2
1149,1066,1545,907,2,49.7
1148,1066,1541,908,2,49.7
1163,1069,1554,902,2,49.9
1156,1063,1550,890,2,49.1
1160,1046,1553,895,2,49.1
1166,1043,1544,912,2,49.9
1148,1030,1544,906,2,50.6
1137,1022,1542,911,2,51.3
1150,1026,1535,905,2,52.6
1143,1017,1518,903,2,53.2
1156,1025,1523,908,2,51.5
1143,1031,1534,906,2,49.5
1132,1031,1554,917,2,48.5
1138,1028,1563,934,2,48.6
1150,1029,1562,939,2,50.0
1138,1025,1555,953,2,50.4
1141,1032,1556,950,2,48.9
1136,1030,1565,951,2,49.0
1140,1024,1573,959,2,50.9
1128,1033,1597,961,2,48.8
1129,1049,1587,957,2,48.9
1127,1043,1581,952,2,50.5
1137,1044,1573,956,2,51.5
1125,1036,1571,952,2,50.0
1135,1041,1577,948,2,48.9
1099,1027,1568,952,2,47.9
1100,1022,1558,953,2,49.6
1099,1015,1565,962,2,50.8
1088,1016,1564,956,2,51.0
1082,1007,1576,962,2,51.8
1094,1006,1577,964,2,52.6
1098,1010,1578,967,2,54.4
1099,1014,1588,966,2,53.9
1105,1011,1579,956,2,52.3
1101,1007,1581,965,2,52.3
1098,1009,1582,963,2,52.7
1104,1008,1578,959,2,51.3
1108,1016,1582,963,2,50.6
1121,1011,1586,967,2,50.9
1108,1017,1593,970,2,51.2
1118,1019,1602,965,2,50.6
1111,1017,1599,958,2,50.8
1119,1023,1588,959,2,52.1
1115,1021,1592,966,2,52.8
1094,1022,1582,963,2,51.2
1098,1025,1591,970,2,53.1
1115,1032,1595,970,2,52.4
1117,1032,1598,979,2,50.8
1127,1037,1588,971,2,50.3
1120,1037,1586,976,2,51.5
1128,1041,1597,988,2,50.6
1112,1037,1597,985,2,49.2
1104,1047,1606,987,2,49.2
1108,1064,1606,997,2,51.5
1113,1067,1604,999,2,51.7
1122,1061,1609,1006,2,51.7
1105,1061,1610,1007,2,48.9
1097,1054,1610,1002,2,45.5
1108,1053,1609,1001,2,43.1
1118,1054,1624,1019,2,43.2
1122,1059,1618,1019,2,43.0
1119,1063,1608,1010,2,42.9
1131,1064,1617,1012,2,45.0
1141,1064,1626,1016,2,45.4
1129,1072,1623,1016,2,44.8
1135,1072,1635,1016,2,44.8
1097,1075,1636,1019,2,45.2
1102,1086,1634,1014,2,48.1
1133,1091,1630,1007,2,49.8
1141,1094,1610,998,2,50.7
1147,1105,1615,1000,2,50.5
1152,1103,1611,1002,2,49.7
1145,1101,1609,995,2,49.6
1141,1102,1613,993,2,51.0
1144,1100,1623,988,2,51.3
1153,1103,1607,975,2,52.1
1155,1097,1607,986,2,50.9
1154,1103,1597,990,2,50.8
1159,1108,1607,997,2,50.7
1148,1103,1616,1003,2,48.6
1157,1099,1613,1006,2,47.3
1144,1098,1610,1006,2,47.0
1143,1109,1613,1019,2,45.7
1135,1108,1623,1008,2,46.0
1140,1109,1629,1010,2,46.3
1156,1121,1617,1008,2,46.8
1151,1124,1615,1009,2,48.8
1156,1132,1614,1010,2,49.0
1156,1136,1613,1007,2,47.9
1164,1132,1621,1006,2,49.9
1177,1138,1615,999,2,52.0
1175,1140,1623,989,2,53.6
1180,1142,1629,995,2,53.4
1169,1149,1629,994,2,53.6
1177,1141,1621,988,2,54.6
1205,1146,1620,986,2,53.0
1210,1143,1624,983,2,55.6
1225,1152,1609,985,2,56.8
1226,1147,1610,990,2,57.2
1221,1148,1606,989,2,57.0
1231,1151,1619,993,2,58.1
1234,1152,1631,987,2,56.5
1226,1152,1632,983,2,55.7
1226,1146,1621,982,2,53.9
1224,1148,1620,986,2,52.7
1227,1142,1626,991,2,54.2
1219,1144,1627,985,2,53.7
1218,1138,1630,985,2,53.0
1224,1146,1621,989,2,51.6
1211,1138,1620,991,2,50.5
1208,1136,1618,988,2,50.3
1205,1127,1610,994,2,50.8
1221,1125,1612,992,2,51.0
1216,1130,1606,992,2,50.7
1202,1146,1614,1001,2,50.4
1188,1150,1612,990,2,50.3
1187,1147,1614,997,2,51.6
1191,1143,1608,993,2,51.1
1186,1148,1609,993,2,52.6
1191,1150,1598,984,2,55.5
1194,1144,1598,980,2,55.1
1210,1151,1607,982,2,53.5
1219,1154,1608,983,2,53.0
1203,1143,1616,987,2,52.5
1173,1139,1619,997,2,52.9
1181,1135,1622,995,2,51.2
1172,1127,1618,992,2,48.5
1152,1118,1618,988,2,48.7
1162,1123,1613,978,2,51.2
1167,1128,1611,990,2,50.4
1160,1127,1601,996,2,48.1
1158,1129,1604,1004,2,46.6
1159,1124,1593,991,2,47.0
1167,1125,1599,981,2,46.8
1159,1129,1596,977,2,46.9
1173,1131,1588,972,2,47.6
1170,1130,1584,978,2,46.2
1153,1134,1587,968,2,45.5
1150,1131,1584,958,2,45.4
1160,1127,1581,962,2,46.8
1157,1119,1585,958,2,47.7
1138,1121,1587,946,2,48.8
1152,1125,1586,946,2,49.7
1189,1121,1585,956,2,49.4
1177,1125,1588,959,2,49.7
1190,1121,1587,972,2,51.1
1197,1129,1588,970,2,51.5
1191,1113,1591,967,2,51.0
1194,1120,1593,968,2,50.6
1199,1131,1597,971,2,49.7
1201,1132,1597,975,2,49.6
1179,1135,1599,976,2,49.4
1155,1132,1606,977,2,48.0
1153,1131,1620,978,2,48.8
1157,1136,1618,977,2,49.3
1129,1129,1619,971,2,50.7
1141,1122,1619,977,2,51.9
1133,1119,1604,974,2,52.0
1151,1120,1593,975,2,50.9
1166,1119,1595,969,2,49.5
1158,1128,1592,966,2,50.0
1159,1128,1583,969,2,50.7
1173,1125,1579,956,2,49.4
1180,1137,1576,959,2,50.1
1172,1137,1571,961,2,48.7
1168,1129,1582,964,2,47.7
1176,1132,1592,973,2,48.2
1183,1144,1601,982,2,48.3
1190,1148,1608,985,2,48.9
1177,1147,1613,999,2,49.0
1190,1141,1612,991,2,49.9
1203,1140,1632,994,2,49.9
1202,1146,1624,979,2,52.0
1205,1146,1614,971,2,52.0
1206,1134,1622,971,2,51.9
1209,1134,1636,965,2,49.9
1202,1128,1633,972,2,48.0
1194,1130,1620,965,2,48.2
1210,1133,1622,969,2,47.1
1217,1127,1617,957,2,49.6
1232,1127,1612,953,2,50.9
1231,1127,1613,948,2,49.7
1235,1139,1611,954,2,49.6
1240,1141,1615,956,2,50.1
1231,1140,1618,957,2,50.1
1243,1138,1623,954,2,48.5
1249,1145,1620,962,2,46.9
1240,1139,1612,963,2,47.2
1236,1133,1614,958,2,47.5
1235,1132,1614,962,2,47.0
1241,1139,1620,965,2,47.1
1237,1135,1626,969,2,47.7
1237,1135,1621,957,2,47.4
1235,1141,1630,960,2,47.5
1242,1142,1624,961,2,46.9
1241,1141,1624,956,2,47.2
1254,1136,1618,945,2,48.7
1254,1134,1608,948,2,49.8
1257,1125,1605,947,2,48.8
1231,1129,1607,949,2,48.3
1238,1132,1607,941,2,48.4
1237,1133,1604,940,2,50.0
1231,1118,1620,940,2,50.5
1218,1122,1626,937,2,54.0
1210,1111,1625,942,2,54.2
1213,1107,1613,948,2,55.2
1222,1114,1612,952,2,56.5
1236,1114,1610,953,2,56.9
1246,1124,1605,943,2,57.3
1245,1121,1601,939,2,55.2
1253,1119,1583,939,2,56.4
1259,1118,1582,941,2,55.9
1251,1109,1581,940,2,53.3
1249,1112,1586,932,2,50.7
1250,1109,1579,935,2,49.5
1242,1114,1591,940,2,48.9
1255,1108,1585,930,2,47.8
1254,1107,1585,939,2,47.5
1299,1108,1585,938,2,46.8
1296,1105,1570,939,2,47.2
1284,1103,1569,935,2,45.9
1286,1109,1586,931,2,45.9
1280,1103,1580,925,2,45.9
1302,1108,1569,912,2,45.9
1300,1103,1557,900,2,47.4
1318,1107,1545,890,2,46.4
1322,1113,1550,896,2,45.8
1310,1108,1534,898,2,45.4
1316,1107,1537,905,2,46.6
1316,1107,1533,906,2,47.3
1325,1107,1525,904,2,47.4
1339,1104,1526,907,2,47.6
1340,1101,1528,902,2,46.8
1325,1094,1542,909,2,46.3
1313,1106,1548,911,2,46.5
1312,1099,1563,912,2,44.8
1307,1095,1561,904,2,44.3
1309,1102,1555,900,2,45.7
1318,1094,1566,901,2,45.7
1321,1101,1567,902,2,44.8
1327,1100,1562,895,2,44.5
1342,1109,1564,892,2,43.6
1338,1095,1565,891,2,43.1
1344,1098,1569,886,2,43.4
1329,1098,1561,889,2,44.1
1345,1094,1554,890,2,44.5
1343,1096,1546,894,2,43.9
1349,1101,1548,895,2,44.9
1352,1100,1566,902,2,47.3
1351,1107,1572,915,2,45.5
1359,1096,1572,909,2,47.9
1382,1104,1570,911,2,49.6
1380,1098,1562,911,2,49.9
1375,1104,1567,912,2,49.9
1362,1103,1565,913,2,50.0
1367,1092,1574,919,2,49.8
1371,1094,1569,917,2,49.8
1367,1096,1573,916,2,47.5
1360,1102,1571,919,2,47.0
1365,1097,1560,917,2,49.1
1363,1101,1564,914,2,50.9
1375,1093,1552,905,2,51.1
1375,1089,1549,909,2,49.0
1377,1082,1556,916,2,48.7
1383,1078,1558,927,2,47.9
1375,1079,1553,926,2,49.9
1368,1077,1561,933,2,51.7
1381,1071,1560,920,2,48.4
1380,1080,1561,920,2,47.2
1376,1077,1560,924,2,44.7
1371,1083,1566,916,2,44.5
1374,1075,1579,927,2,43.6
1366,1071,1582,931,2,43.5
1370,1073,1583,936,2,42.9
1348,1077,1579,934,2,43.4
1368,1080,1581,935,2,44.1
1367,1089,1576,940,2,44.4
1376,1090,1576,944,2,43.8
1371,1080,1572,943,2,44.1
1380,1074,1564,937,2,44.1
1381,1068,1555,934,2,42.7
1372,1077,1560,929,2,41.6
1354,1078,1558,931,2,41.0
1361,1078,1541,915,2,42.5
1347,1084,1538,915,2,44.2
1344,1073,1540,918,2,43.2
1335,1078,1547,920,2,42.8
1342,1083,1544,925,2,41.5
1336,1093,1542,930,2,41.6
1344,1094,1539,926,2,40.8
1347,1095,1546,916,2,39.1
1345,1088,1542,916,2,39.4
1365,1084,1539,905,2,38.1
1360,1086,1539,906,2,36.5
1324,1083,1534,919,2,36.8
1314,1094,1539,930,2,38.0
1324,1101,1543,931,2,38.4
1327,1090,1542,942,2,38.5
1328,1090,1538,942,2,37.3
1332,1091,1522,945,2,36.0
1329,1086,1540,942,2,35.8
1311,1087,1549,939,2,36.1
1321,1087,1561,930,2,36.5
1332,1087,1558,929,2,37.5
1329,1073,1539,930,2,39.0
1318,1083,1535,934,2,38.7
1296,1084,1551,942,2,38.2
1279,1078,1539,943,2,38.6
1298,1084,1537,941,2,38.7
1320,1096,1542,941,2,39.3
1295,1100,1542,944,2,37.8
1302,1102,1533,937,2,38.0
1311,1099,1529,931,2,38.6
1315,1105,1531,925,2,39.1
1303,1106,1537,923,2,39.3
1305,1110,1534,916,2,40.4
1315,1113,1533,912,2,39.8
1307,1116,1540,915,2,38.4
1298,1125,1541,910,2,37.6
1306,1120,1535,906,2,37.5
1302,1112,1530,909,2,37.4
1298,1116,1520,911,2,36.9
1285,1117,1525,913,2,35.7
1273,1108,1527,912,2,36.6
1276,1106,1532,916,2,36.8
1279,1104,1531,913,2,37.3
1270,1097,1526,916,2,38.1
1272,1095,1514,907,2,38.8
1277,1093,1508,908,2,40.1
1280,1097,1511,912,2,40.5
1262,1107,1505,913,2,40.5
1246,1105,1503,913,2,41.6
1247,1103,1514,906,2,41.6
1242,1098,1498,895,2,44.8
1264,1103,1504,900,2,48.0
1261,1107,1509,895,2,47.2
1259,1102,1523,901,2,46.5
1270,1095,1520,901,2,47.2
1263,1099,1517,900,2,46.4
1261,1098,1532,901,2,45.8
1254,1091,1530,904,2,44.9
1251,1093,1525,914,2,43.4
1256,1089,1518,906,2,42.8
1265,1089,1515,902,2,42.4
1257,1081,1522,906,2,41.8
1262,1080,1530,917,2,41.0
1250,1083,1520,915,2,42.2
1245,1066,1519,919,2,40.1
1245,1071,1518,922,2,39.8
1260,1074,1520,934,2,40.1
1254,1070,1521,940,2,40.4
1246,1063,1516,947,2,40.3
1244,1061,1519,945,2,40.3
1238,1063,1519,940,2,40.6
1243,1057,1520,943,2,40.3
1239,1062,1519,945,2,37.5
1246,1052,1497,937,2,36.4
1230,1045,1485,936,2,36.8
1233,1047,1473,933,2,35.8
1233,1043,1484,933,2,36.5
1232,1046,1483,928,2,37.4
1242,1047,1472,915,2,37.0
1238,1043,1472,918,2,37.1
1246,1040,1461,923,2,37.0
1213,1048,1471,929,2,37.2
1195,1022,1468,921,2,38.0
1193,1021,1473,916,2,38.8
1197,1027,1472,919,2,37.7
1191,1021,1474,928,2,37.2
1198,1020,1468,921,2,37.9
1194,1018,1464,917,2,37.9
1199,1015,1471,917,2,37.8
1186,1015,1482,910,2,38.1
1168,1012,1498,920,2,39.9
1169,1014,1492,926,2,42.5
1170,1014,1497,932,2,42.8
1166,1014,1496,930,2,45.9
1169,1014,1506,935,2,45.9
1172,1014,1491,946,2,41.8
1167,1006,1491,944,2,41.3
1170,998,1492,939,2,41.3
1145,990,1477,935,2,39.8
1138,978,1476,930,2,41.7
1118,959,1459,919,2,44.8
1112,951,1440,902,2,46.3
1105,913,1425,886,2,47.2
1082,903,1421,894,2,49.9
1083,890,1418,889,10,52.7
1120,922,1451,939,78,49.6
1128,933,1472,981,144,49.4
1103,931,1483,989,153,49.3
1092,930,1480,990,153,46.8
1105,944,1480,1001,153,47.6
1101,942,1477,1000,153,46.4
1098,926,1490,1012,153,47.4
1093,931,1473,1005,153,50.7
1106,932,1459,992,153,53.3
1105,929,1455,992,153,55.4
1095,934,1453,993,153,55.7
1084,927,1451,1001,153,52.7
1089,934,1454,997,153,49.9
1098,927,1467,1003,153,50.4
1101,921,1457,1004,153,50.9
1094,921,1466,995,153,48.7
1059,929,1470,995,153,46.8
1063,932,1476,987,153,48.6
1060,929,1471,983,153,49.2
1059,933,1467,991,153,49.2
1069,938,1468,982,153,50.5
1083,937,1467,983,153,49.2
1070,934,1467,983,153,48.1
1065,929,1472,990,153,46.3
1071,937,1485,994,153,45.1
1072,957,1490,997,153,44.7
1059,959,1489,999,153,44.6
1074,954,1482,1004,153,45.2
1080,958,1480,1006,153,44.0
1071,959,1486,1015,154,43.5
1061,974,1503,1013,154,40.9
1057,978,1515,1005,154,39.5
1071,976,1502,1001,154,38.9
1068,968,1500,999,154,37.6
1046,978,1505,1010,154,38.1
1051,982,1520,1018,154,36.3
1039,984,1520,1031,154,35.0
1056,985,1529,1023,154,33.8
1062,993,1530,1025,154,34.8
1082,995,1520,1014,154,36.1
1083,998,1512,1009,154,38.0
1117,994,1505,1017,154,39.3
1123,1001,1502,1014,154,40.7
1135,1004,1500,1020,154,43.2
1138,1003,1509,1017,154,42.3
1134,1004,1507,1021,154,43.9
1143,1011,1501,1017,154,44.0
1145,1010,1506,1016,154,44.5
1165,1018,1512,1019,154,44.7
1196,1030,1519,1026,154,44.9
1208,1053,1519,1029,154,44.5
1225,1069,1541,1039,154,44.3
1238,1096,1562,1043,154,43.8
1249,1116,1582,1054,154,43.6
1263,1124,1590,1066,154,43.1
1272,1144,1601,1075,159,42.9
1232,1117,1562,1027,108,42.5
1213,1106,1544,992,20,42.9
1225,1111,1539,987,2,43.1
1231,1110,1546,982,2,43.3
1210,1106,1550,972,2,44.3
1211,1115,1557,980,2,47.1
1218,1112,1545,968,2,48.9
1225,1106,1543,971,2,49.4
1220,1100,1545,972,2,48.8
1217,1105,1540,975,2,48.7
1238,1107,1546,976,2,48.1
1230,1104,1554,978,2,46.9
1233,1104,1563,977,2,44.4
1239,1106,1557,968,2,42.8
1242,1110,1564,968,2,43.1
1246,1106,1565,972,2,44.7
1265,1110,1561,965,2,47.6
1261,1096,1552,959,2,48.6
1282,1106,1547,954,2,47.4
1295,1097,1551,961,2,47.3
1298,1102,1552,960,2,45.7
1315,1108,1548,959,2,45.4
1316,1104,1538,960,2,45.2
1302,1101,1535,950,2,45.5
1303,1103,1526,962,2,45.8
1304,1089,1525,954,2,45.9
1308,1094,1528,953,2,44.8
1302,1093,1535,948,2,43.7
1300,1096,1536,953,2,43.3
1312,1087,1541,948,2,43.3
1314,1083,1523,944,2,43.5
1331,1089,1514,953,2,43.1
1314,1088,1518,950,2,42.7
1301,1087,1520,955,2,44.0
1311,1086,1519,951,2,44.1
1312,1079,1519,956,2,44.0
1304,1080,1504,958,2,43.4
1277,1077,1509,968,2,42.3
1281,1070,1503,966,2,42.4
1251,1073,1498,966,2,43.1
1254,1073,1501,967,2,44.4
1243,1069,1506,966,2,45.4
1234,1071,1511,959,2,46.9
1251,1076,1506,953,2,48.3
1246,1078,1504,958,2,49.9
1249,1084,1515,949,2,47.2
1242,1074,1505,946,2,48.0
1258,1071,1497,947,2,52.4
1273,1071,1490,946,2,51.5
1251,1076,1501,941,2,49.8
1257,1070,1503,940,2,50.6
1250,1059,1495,943,2,52.6
1238,1050,1498,940,2,54.8
1240,1032,1491,932,2,55.7
1237,1040,1494,933,2,55.7
1232,1028,1501,938,2,53.4
1227,1030,1499,935,2,53.9
1233,1029,1508,941,2,53.5
1231,1022,1508,940,2,51.9
1230,1027,1507,936,2,52.0
1231,1023,1505,935,2,53.2
1237,1022,1514,943,2,52.4
1237,1022,1514,941,2,50.1
1244,1024,1511,936,2,50.5
1247,1027,1509,933,2,50.6
1238,1027,1509,926,2,50.0
1234,1028,1507,929,2,51.6
1232,1023,1487,923,2,50.9
1243,1019,1467,921,2,49.4
1241,1017,1466,931,2,47.4
1216,1020,1479,931,2,46.3
1219,1027,1483,919,2,44.8
1211,1020,1490,923,2,42.9
1197,1018,1494,930,2,42.6
1188,1029,1505,928,2,40.9
1188,1032,1512,925,2,38.8
1167,1029,1506,931,2,37.0
1127,1030,1504,934,2,35.4
1138,1020,1506,932,2,35.2
1155,1026,1503,933,2,35.8
1150,1019,1502,926,2,36.5
1151,1013,1498,925,2,37.4
1154,1012,1502,922,2,37.2
1155,1006,1495,931,2,36.8
1130,1010,1498,930,2,37.0
1111,1005,1487,933,2,36.9
1108,1007,1475,938,2,37.1
1105,997,1475,947,2,38.5
1106,989,1460,941,2,41.0
1111,993,1460,931,2,42.4
1109,988,1453,930,2,45.0
1121,993,1453,928,2,46.9
1131,995,1455,925,2,48.1
1138,988,1448,920,2,50.7
1127,989,1449,922,2,54.4
1124,993,1443,917,2,55.5
1127,981,1452,923,2,55.9
1120,977,1453,925,2,56.3
1130,975,1451,916,2,53.6
1125,969,1448,923,2,54.5
1131,970,1432,924,2,52.0
1136,963,1427,931,2,52.9
1117,966,1426,934,2,50.7
1116,966,1429,928,2,50.9
1073,966,1434,933,2,50.8
1060,962,1417,935,2,51.1
1072,965,1425,950,2,51.5
1056,967,1434,951,2,46.8
1073,961,1429,951,2,44.6
1077,965,1427,957,2,47.0
1078,970,1426,974,2,46.9
1074,962,1421,976,2,45.5
1083,963,1410,992,2,46.5
1091,960,1415,1001,2,48.2
1091,960,1407,994,2,50.2
1087,947,1404,995,2,49.3
1115,948,1399,996,2,49.2
1110,949,1393,991,2,49.7
1099,945,1389,988,2,49.8
1063,937,1391,987,2,49.7
1075,938,1396,987,2,51.1
1084,937,1398,993,2,52.8
1091,935,1396,995,2,49.7
1100,939,1393,999,2,49.6
1128,934,1393,1004,2,49.5
1137,943,1397,999,2,48.5
1132,936,1400,1001,2,51.7
1129,938,1383,1010,2,50.8
1150,940,1381,1006,2,49.3
1154,941,1368,1007,2,49.1
1170,923,1363,1001,2,48.3
1165,916,1345,993,2,47.2
1162,920,1351,999,2,46.8
1161,926,1355,994,2,46.6
1159,934,1355,999,2,48.8
1152,935,1370,1001,2,47.2
1147,940,1362,1003,2,47.1
1151,936,1365,1005,2,47.4
1158,940,1349,1005,2,48.2
1170,941,1352,1010,2,50.3
1178,942,1350,1016,2,52.0
1181,939,1345,1011,2,52.7
1190,940,1348,1002,2,54.8
1185,935,1356,996,2,54.4
1195,945,1354,1002,2,56.1
1192,942,1367,1003,2,57.2
1202,946,1364,1007,2,57.5
1207,942,1360,1002,2,56.2
1185,928,1362,1005,2,53.9
1199,934,1353,1002,2,52.3
1203,939,1360,1007,2,52.3
1187,948,1364,1010,2,52.2
1183,950,1376,1011,2,51.8
1184,953,1381,1012,2,51.3
1187,955,1376,1010,2,52.2
1186,959,1373,1001,2,50.4
1178,958,1370,1015,2,48.3
1171,956,1392,1027,2,48.5
1174,966,1399,1029,2,49.3
1174,973,1397,1028,2,49.6
1180,975,1395,1034,2,50.5
1185,963,1404,1033,2,52.9
1189,965,1400,1031,2,56.3
1189,949,1382,1028,2,59.2
1186,956,1386,1032,2,60.2
1185,961,1384,1027,2,60.7
1199,982,1392,1023,2,60.8
1200,984,1385,1016,2,60.9
1221,988,1378,1008,2,61.3
1224,979,1377,999,2,61.0
1235,990,1373,998,2,61.6
1237,994,1403,1014,2,61.8
1232,995,1400,1018,2,61.0
1229,1002,1404,1021,2,60.8
1225,989,1407,1022,2,60.9
1237,999,1401,1028,2,60.9
1244,1004,1409,1019,2,60.4
1251,992,1401,1016,2,59.6
1267,997,1392,1019,2,59.1
1264,1013,1384,1013,2,59.0
1261,1016,1385,1011,2,58.3
1274,1016,1378,1015,2,57.2
1288,1013,1375,1003,2,57.8
1285,1018,1365,1003,2,58.1
1264,1016,1373,1001,2,56.7
1282,1019,1372,992,2,55.4
1265,1018,1379,989,2,54.4
1281,1021,1388,987,2,52.7
1288,1021,1376,997,2,54.9
1296,1032,1380,996,2,57.4
1313,1040,1371,1002,2,55.7
1326,1033,1361,991,2,51.0
1344,1042,1374,998,2,50.3
1354,1041,1375,1000,2,50.8
1361,1053,1390,1004,2,48.0
1349,1052,1404,1005,2,45.9
1346,1046,1408,999,2,46.2
1337,1041,1411,996,2,45.8
1336,1047,1411,992,2,44.9
1333,1047,1400,976,2,43.9
1342,1056,1399,980,2,43.1
1341,1057,1404,986,2,44.8
1345,1057,1407,976,2,45.4
1342,1053,1412,966,2,45.2
1346,1060,1417,971,2,44.9
1337,1066,1417,974,2,44.3
1332,1065,1411,966,2,45.1
1335,1064,1411,959,2,45.7
1359,1070,1412,962,2,45.7
1348,1066,1409,967,2,47.0
1344,1065,1414,966,2,47.4
1359,1074,1411,970,2,48.3
1354,1071,1416,967,2,49.7
1365,1077,1405,963,2,51.3
1379,1077,1395,957,2,51.5
1403,1070,1397,956,2,52.2
1398,1064,1396,944,2,50.6
1396,1069,1397,939,2,50.4
1391,1077,1399,946,2,49.8
1394,1080,1403,949,2,50.1
1396,1090,1407,948,2,51.2
1427,1094,1411,948,2,51.0
1439,1075,1408,939,2,49.1
1444,1082,1411,928,2,47.6
1453,1079,1414,926,2,46.9
1457,1082,1413,928,2,46.8
1452,1075,1403,922,2,47.2
1462,1066,1380,896,2,47.0
1457,1059,1375,888,2,46.8
1478,1056,1373,883,2,47.1
1473,1060,1380,886,2,47.9
1475,1066,1391,886,2,47.8
1468,1070,1390,888,2,47.8
1470,1071,1392,884,2,47.8
1462,1074,1409,894,2,47.3
1467,1078,1410,897,2,47.4
1454,1080,1421,905,2,46.4
1453,1086,1421,901,2,45.5
1440,1079,1422,908,2,45.8
1450,1085,1425,902,2,46.8
1447,1086,1429,900,2,46.6
1441,1085,1433,896,2,46.2
1444,1086,1427,900,2,45.5
1437,1084,1421,886,2,43.7
1443,1085,1424,889,2,42.7
1419,1086,1434,888,2,42.7
1421,1081,1440,884,2,42.7
1400,1063,1438,900,2,42.7
1394,1061,1441,878,2,42.7
1395,1068,1437,877,2,42.7
1392,1064,1419,878,2,42.7
1406,1063,1409,861,2,42.6
1402,1067,1408,868,2,42.7
1384,1067,1409,869,2,42.7
1378,1061,1409,874,2,42.7
1388,1061,1416,882,2,42.7
1383,1057,1409,879,2,42.7
1393,1055,1410,877,2,42.6
1410,1054,1401,861,2,42.7
1415,1067,1397,860,2,42.5
1407,1076,1402,865,2,42.7
1424,1069,1403,853,2,42.6
1418,1072,1406,849,2,42.5
1408,1075,1408,857,2,42.2
1414,1061,1404,854,2,41.7
1415,1059,1390,852,2,41.6
1420,1057,1395,850,2,41.3
1405,1067,1383,849,2,41.1
1411,1068,1383,847,2,40.7
1414,1086,1384,840,2,40.6
1415,1080,1385,844,2,40.0
1426,1091,1392,839,2,38.1
1420,1099,1384,831,2,37.6
1429,1099,1387,839,2,38.6
1428,1105,1386,832,2,38.8
1430,1105,1394,851,2,38.7
1429,1108,1389,856,2,39.1
1422,1107,1390,846,2,39.4
1415,1105,1392,847,2,39.4
1399,1103,1403,845,2,39.6
1403,1118,1432,852,2,39.6
1415,1109,1436,851,2,39.4
1401,1116,1440,849,2,39.8
1417,1114,1442,850,2,39.9
1417,1126,1446,855,2,40.2
1394,1122,1437,842,2,39.7
1385,1127,1434,849,2,40.2
1364,1117,1430,849,2,40.9
1379,1121,1429,857,2,41.8
1363,1120,1434,857,2,41.3
1355,1117,1419,858,2,41.2
1337,1114,1407,853,2,40.7
1339,1107,1406,849,2,40.6
1344,1122,1418,853,2,40.6
1347,1117,1412,849,2,41.1
1352,1120,1407,843,2,40.9
1355,1122,1423,846,2,40.6
1349,1127,1421,851,2,40.8
1329,1124,1414,838,2,40.6
1333,1126,1412,844,2,40.7
1338,1125,1411,840,2,40.3
1351,1128,1418,839,2,40.0
1369,1130,1413,837,2,40.5
1367,1138,1428,841,2,40.4
1378,1143,1435,836,2,40.9
1380,1132,1423,834,2,40.9
1386,1135,1432,833,2,40.9
1387,1138,1449,843,2,40.9
1382,1143,1450,835,2,40.9
1391,1138,1448,841,2,40.8
1403,1150,1450,839,2,40.8
1402,1149,1450,830,2,40.8
1392,1145,1458,841,2,40.7
1375,1155,1465,843,2,41.9
1386,1151,1464,842,2,41.1
1372,1147,1468,840,2,41.3
1374,1137,1463,836,2,40.9
1372,1134,1460,831,2,41.3
1369,1144,1467,838,2,41.4
1362,1142,1473,839,2,40.2
1366,1141,1472,836,2,39.2
1374,1146,1482,840,2,40.0
1369,1147,1478,832,2,39.5
1367,1140,1484,835,2,39.9
1355,1138,1475,838,2,38.8
1363,1139,1472,842,2,37.1
1352,1145,1472,834,2,35.8
1343,1145,1460,833,2,34.9
1344,1149,1466,834,2,35.9
1363,1146,1461,829,2,37.0
1397,1157,1464,818,2,36.8
1417,1149,1458,817,2,36.9
1417,1147,1459,813,2,35.7
1414,1142,1457,812,2,36.3
1429,1144,1440,812,2,36.8
1436,1142,1438,815,2,36.8
1434,1137,1424,811,2,37.2
1427,1141,1422,816,2,38.3
1437,1142,1428,824,2,38.9
1431,1146,1433,821,2,38.7
1438,1149,1428,828,2,38.8
1416,1149,1436,826,2,39.4
1416,1144,1416,812,2,39.8
1419,1138,1423,810,2,40.3
1429,1134,1410,795,2,40.4
1435,1144,1409,794,2,39.4
1443,1146,1406,785,2,38.3
1438,1150,1399,792,2,37.6
1449,1144,1400,798,2,37.8
1455,1141,1404,798,2,37.6
1468,1143,1414,798,2,37.1
1468,1139,1417,800,2,38.4
1468,1134,1408,797,2,38.1
1470,1130,1399,796,2,37.7
1461,1141,1415,800,2,37.1
1447,1139,1413,803,2,35.2
1444,1134,1411,797,2,33.6
1456,1126,1404,784,2,34.1
1452,1123,1392,775,2,35.9
1445,1114,1373,768,2,35.6
1445,1115,1375,762,2,37.0
1438,1110,1381,777,2,36.6
1455,1107,1371,771,2,36.3
1462,1102,1355,776,2,36.5
1449,1099,1364,776,2,38.6
1437,1105,1364,778,2,38.5
1445,1116,1370,772,2,36.7
1450,1106,1380,777,2,35.8
1447,1104,1368,772,2,35.6
1448,1109,1355,761,2,36.1
1437,1099,1347,757,2,37.4
1434,1093,1353,753,2,38.7
1441,1096,1350,751,2,39.0
1435,1097,1341,748,2,38.2
1434,1088,1339,747,2,37.7
1425,1091,1323,749,2,37.3
1434,1082,1327,756,2,36.1
1429,1088,1324,764,2,35.2
1442,1095,1325,761,2,36.2
1455,1099,1330,761,2,35.8
1445,1090,1333,754,2,36.2
1445,1086,1323,758,2,36.7
1446,1080,1310,761,2,37.9
1443,1070,1315,757,2,37.6
1444,1067,1315,760,2,37.2
1433,1069,1321,753,2,36.0
1406,1072,1309,761,2,35.9
1376,1085,1308,758,2,34.8
1363,1093,1309,761,2,33.0
1357,1086,1317,761,2,32.0
1334,1091,1313,759,2,32.2
1335,1082,1319,763,2,32.6
1311,1075,1308,768,2,32.4
1307,1083,1308,760,2,30.3
1301,1078,1304,753,2,29.1
1305,1073,1300,753,2,28.4
1318,1065,1304,769,2,27.5
1329,1069,1314,784,2,25.7
1337,1076,1315,787,2,26.6
1340,1071,1317,785,2,28.7
1333,1071,1333,791,2,28.5
1294,1073,1333,781,2,27.2
1284,1070,1337,781,2,25.0
1302,1076,1332,783,2,25.5
1309,1078,1345,780,2,25.8
1308,1082,1336,774,2,25.0
1276,1085,1343,777,2,25.9
1266,1076,1333,782,2,27.4
1272,1090,1341,782,2,30.0
1278,1089,1341,773,2,31.5
1317,1090,1333,767,2,31.3
1327,1087,1323,763,2,31.9
1334,1089,1336,771,2,32.3
1326,1099,1336,780,2,30.7
1343,1101,1341,786,2,28.2
1357,1105,1339,789,2,28.3
1359,1097,1353,794,2,30.0
1367,1105,1349,790,2,30.0
1363,1113,1352,790,2,30.9
1361,1106,1351,785,2,29.6
1386,1113,1340,786,2,29.0
1365,1104,1341,789,2,28.1
1355,1099,1332,798,2,28.4
1366,1105,1333,799,2,28.4
1366,1103,1343,798,2,28.7
1373,1097,1334,798,2,28.2
1348,1091,1328,801,2,28.4
1361,1090,1319,799,2,27.8
1360,1096,1331,810,2,27.3
1372,1108,1335,805,2,27.0
1373,1101,1328,808,2,28.1
1380,1079,1326,809,2,29.9
1389,1078,1327,804,2,30.3
1393,1084,1326,809,2,29.1
1382,1079,1324,809,2,29.0
1376,1079,1324,800,2,27.7
1384,1087,1328,808,2,28.9
1400,1087,1332,804,2,28.4
1395,1085,1344,803,2,27.2
1402,1091,1331,801,2,26.1
1390,1096,1327,794,2,25.3
1391,1101,1311,801,2,23.5
1390,1093,1314,800,2,23.8
1389,1086,1324,803,2,23.6
1405,1081,1327,806,2,22.9
1401,1088,1336,806,2,22.3
1406,1084,1345,814,2,21.0
1413,1083,1331,807,2,21.4
1419,1082,1338,810,2,22.7
1422,1081,1332,798,2,24.7
1406,1079,1334,811,2,24.4
1419,1080,1324,808,2,24.9
1417,1071,1317,794,2,26.7
1404,1069,1327,788,2,29.9
1397,1056,1325,786,2,31.0
1404,1058,1317,788,2,31.3
1416,1052,1314,787,2,32.5
1414,1053,1306,790,2,32.6
1411,1046,1318,794,2,32.4
1406,1053,1320,801,2,32.4
1413,1059,1306,799,2,32.4
1415,1053,1302,791,2,32.4
1417,1044,1291,776,2,32.4
1420,1047,1286,779,2,32.6
1412,1041,1278,773,2,32.7
1404,1030,1278,775,2,33.0
1387,1032,1287,783,2,33.2
1374,1035,1288,789,2,33.4
1375,1039,1296,782,2,32.7
1371,1037,1299,780,2,33.9
1346,1038,1303,781,2,34.8
1315,1038,1319,788,2,35.3
1311,1038,1327,788,2,35.6
1300,1041,1341,784,2,35.3
1308,1044,1341,793,2,36.1
1314,1056,1335,788,2,34.9
1314,1044,1340,790,2,34.3
1324,1034,1333,785,2,33.8
1327,1038,1332,784,2,32.6
1338,1047,1336,778,2,33.1
1347,1041,1323,775,2,31.2
1357,1051,1334,776,2,30.1
1361,1055,1338,776,2,29.8
1358,1061,1334,780,2,29.3
1364,1047,1329,772,2,29.9
1361,1045,1328,768,2,31.1
1356,1052,1339,780,2,31.8
1362,1059,1350,788,2,31.5
1353,1057,1357,796,2,30.2
1347,1065,1351,795,2,28.0
1337,1057,1363,796,2,26.6
1341,1047,1353,791,2,25.4
1328,1053,1347,787,2,26.7
1293,1056,1352,799,2,26.4
1288,1059,1348,794,2,24.7
1283,1056,1350,797,2,23.7
1291,1048,1350,803,2,24.9
1302,1051,1349,803,2,24.5
1316,1072,1360,817,2,24.8
1308,1069,1351,812,2,23.1
1300,1067,1342,803,2,22.2
1302,1066,1332,797,2,21.9
1286,1058,1332,793,2,23.3
1277,1061,1336,800,2,25.4
1276,1056,1343,791,2,29.1
1281,1053,1355,805,2,30.6
1269,1054,1353,791,2,29.1
1258,1060,1360,793,2,29.1
1261,1061,1356,792,2,31.9
1272,1078,1356,794,2,32.6
1273,1084,1363,800,2,32.7
1273,1083,1370,798,2,29.6
1265,1083,1371,805,2,29.6
1284,1078,1368,799,2,29.7
1279,1084,1354,791,2,29.6
1280,1075,1354,790,2,28.7
1293,1084,1363,797,2,28.3
1302,1081,1367,802,2,29.0
1309,1085,1371,813,2,30.0
1314,1082,1368,796,2,29.8
1298,1073,1367,811,2,29.8
1303,1073,1375,817,2,29.8
1312,1078,1370,823,2,30.4
1306,1082,1367,819,2,30.4
1326,1087,1353,809,2,30.4
1326,1082,1344,807,2,30.6
1311,1080,1348,821,2,30.7
1322,1082,1350,831,2,31.3
1332,1088,1349,834,2,31.0
1336,1073,1343,831,2,30.3
1345,1075,1343,824,2,27.4
1335,1072,1354,830,2,27.6
1335,1065,1348,834,2,27.0
1341,1073,1355,834,2,26.3
1340,1076,1357,825,2,25.9
1340,1069,1346,825,2,25.6
1333,1071,1350,829,2,25.4
1312,1069,1360,832,2,26.1
1316,1084,1372,837,2,24.9
1313,1077,1384,847,2,25.3
1313,1075,1385,835,2,26.5
1303,1077,1383,843,2,25.8
1311,1070,1372,834,2,26.6
1309,1075,1362,834,2,27.6
1295,1074,1362,826,2,29.5
1295,1068,1353,821,2,29.3
1290,1053,1338,816,2,29.0
1269,1039,1334,812,2,28.2
1256,1022,1320,806,2,28.3
1236,1008,1312,804,2,28.4
1234,1001,1294,802,2,29.2
1227,979,1278,793,10,28.8
1239,1011,1321,843,77,28.8
1252,1028,1323,864,143,28.4
1240,1026,1326,860,150,27.3
1220,1016,1324,857,150,26.9
1224,1015,1332,851,150,28.5
1242,1017,1339,859,150,29.8
1240,1017,1334,863,150,32.6
1246,1011,1325,860,150,33.2
1247,1002,1314,853,150,33.1
1222,1004,1308,847,150,32.2
1226,999,1308,848,150,32.1
1233,998,1298,848,150,33.3
1245,1001,1306,846,150,34.0
1239,989,1295,842,150,35.6
1243,987,1293,842,150,36.4
1239,975,1297,841,150,36.9
1235,984,1297,839,150,37.8
1229,979,1285,841,150,36.5
1230,976,1286,838,150,37.8
1234,985,1306,850,150,38.2
1226,978,1301,845,150,40.9
1214,977,1312,838,150,40.1
1212,974,1305,837,150,39.5
1199,973,1310,843,150,39.5
1199,980,1304,831,150,39.4
1194,979,1302,829,150,38.5
1203,964,1295,821,150,38.5
1206,972,1305,823,150,38.5
1216,972,1319,819,150,38.5
1216,979,1327,827,150,38.5
1209,976,1305,825,150,39.9
1212,970,1301,806,150,40.2
1208,969,1286,802,150,41.0
1190,981,1285,799,150,40.3
1175,974,1284,795,150,39.8
1179,984,1286,803,150,38.7
1171,984,1285,799,150,39.2
1179,989,1292,808,150,36.8
1179,981,1286,804,150,36.4
1177,988,1284,809,150,37.9
1182,974,1283,809,150,39.4
1184,980,1262,813,150,40.9
1175,978,1254,797,150,40.9
1190,975,1243,792,150,40.9
1232,977,1250,786,150,40.4
1235,989,1248,788,150,37.5
1238,981,1253,796,150,37.5
1234,977,1255,787,150,37.8
1233,974,1256,777,150,37.9
1255,986,1273,778,150,37.9
1275,998,1287,788,150,37.3
1289,1011,1301,796,150,37.2
1304,1024,1309,806,150,37.4
1322,1042,1321,820,150,37.4
1337,1057,1336,827,150,37.4
1357,1072,1340,841,151,37.4
1329,1039,1299,787,103,37.4
1324,1020,1280,751,15,37.4
1324,1019,1282,742,2,37.4
1331,1020,1281,754,2,36.0
1334,1027,1293,757,2,34.0
1360,1035,1285,754,2,31.6
1375,1033,1305,760,2,31.4
1391,1036,1301,763,2,31.6
1384,1038,1300,771,2,29.8
1378,1042,1298,776,2,27.9
1381,1045,1306,779,2,29.4
1373,1037,1297,785,2,29.0
1372,1039,1293,782,2,29.2
1383,1033,1297,785,2,29.3
1381,1046,1311,787,2,27.5
1364,1047,1304,785,2,25.0
1362,1043,1311,787,2,23.9
1369,1045,1313,793,2,23.1
1370,1054,1300,797,2,23.2
1377,1036,1274,781,2,23.3
1380,1042,1280,789,2,23.6
1381,1051,1280,787,2,22.8
1378,1039,1270,778,2,22.4
1359,1044,1268,783,2,21.5
1368,1039,1284,796,2,21.3
1372,1041,1284,786,2,22.9
1363,1052,1295,798,2,24.1
1372,1049,1297,796,2,24.5
1375,1040,1270,792,2,24.5
1382,1045,1259,794,2,24.5
1383,1052,1269,803,2,24.5
1375,1058,1269,808,2,25.3
1379,1058,1272,809,2,27.4
1389,1057,1271,813,2,27.0
1388,1053,1279,808,2,26.1
1385,1050,1275,812,2,26.1
1393,1055,1271,812,2,26.1
1385,1048,1256,805,2,26.1
1388,1053,1263,805,2,26.1
1386,1055,1259,799,2,26.1
1386,1051,1257,793,2,26.1
1371,1055,1255,786,2,26.1
1387,1060,1266,793,2,26.1
1384,1053,1255,780,2,26.1
1353,1061,1263,791,2,26.1
1356,1057,1281,796,2,26.1
1365,1056,1283,792,2,26.1
1371,1051,1286,798,2,26.1
1361,1045,1284,799,2,26.1
1350,1045,1270,788,2,26.1
1334,1050,1278,798,2,26.1
1334,1050,1282,803,2,26.1
1329,1055,1288,802,2,26.1
1327,1057,1290,795,2,26.1
1339,1064,1293,798,2,26.1
1341,1065,1298,792,2,26.1
1352,1060,1301,794,2,26.4
1360,1057,1293,794,2,27.4
1373,1048,1288,794,2,27.4
1365,1048,1283,807,2,27.4
1367,1055,1274,803,2,27.4
1326,1050,1287,808,2,27.4
1313,1056,1283,808,2,27.4
1304,1045,1285,806,2,27.4
1283,1045,1280,802,2,27.4
1293,1033,1271,796,2,27.4
1310,1027,1270,799,2,27.4
1307,1029,1260,798,2,28.5
1310,1038,1273,808,2,28.7
1300,1043,1280,806,2,30.7
1283,1032,1260,793,2,28.4
1278,1031,1253,801,2,33.0
1280,1030,1250,800,2,33.5
1286,1030,1255,807,2,29.4
1296,1027,1256,801,2,30.6
1292,1027,1258,806,2,31.2
1299,1026,1275,797,2,31.6
1316,1036,1277,805,2,31.0
1335,1047,1269,810,2,29.8
1334,1033,1272,817,2,28.7
1343,1030,1250,809,2,27.9
1333,1022,1246,810,2,27.4
1334,1024,1235,799,2,28.8
1337,1023,1233,793,2,28.8
1348,1026,1249,810,2,28.8
1331,1027,1249,803,2,28.8
1316,1026,1246,803,2,28.3
1325,1018,1249,797,2,28.2
1331,1013,1239,804,2,27.3
1333,1010,1245,816,2,25.4
1332,1008,1253,814,2,23.6
1330,1011,1252,815,2,23.6
1319,1006,1260,822,2,25.0
1331,1017,1258,829,2,24.0
1332,1014,1248,819,2,24.7
1333,1007,1246,821,2,25.9
1347,1003,1254,813,2,25.6
1344,1001,1262,826,2,25.6
1344,994,1273,820,2,25.6
1323,990,1284,825,2,25.6
1330,984,1265,811,2,25.6
1340,977,1263,816,2,25.6
1354,979,1253,814,2,25.6
1351,981,1250,819,2,26.6
1343,975,1247,815,2,26.8
1335,975,1251,819,2,25.3
1348,989,1253,811,2,25.1
1357,982,1247,814,2,25.1
1344,982,1240,817,2,25.1
1332,976,1232,820,2,25.1
1324,968,1224,818,2,25.1
1327,956,1226,815,2,25.1
1311,960,1231,829,2,25.1
1299,961,1244,836,2,25.1
1311,979,1263,847,2,25.1
1307,987,1258,833,2,25.1
1313,987,1256,829,2,25.1
1325,986,1253,828,2,25.1
1325,971,1241,829,2,25.1
1329,970,1235,840,2,25.1
1331,978,1246,840,2,25.1
1352,982,1246,847,2,25.1
1341,977,1257,846,2,25.1
1324,977,1249,840,2,25.1
1337,985,1247,851,2,25.1
1341,979,1253,845,2,25.1
1357,981,1262,859,2,25.1
1363,982,1265,849,2,25.1
1359,983,1256,834,2,25.1
1351,991,1253,834,2,25.1
1356,990,1251,832,2,25.1
1359,986,1245,826,2,25.1
1372,978,1239,832,2,23.8
1346,971,1246,831,2,23.8
1314,967,1245,830,2,24.2
1324,969,1250,816,2,24.3
1309,973,1252,821,2,25.2
1321,968,1255,817,2,25.1
1326,981,1277,826,2,25.5
1328,982,1276,830,2,24.9
1343,986,1273,833,2,26.0
1356,995,1280,841,2,26.9
1346,994,1294,817,2,28.3
1363,995,1301,821,2,31.6
1371,1003,1298,824,2,34.2
1370,1003,1293,821,2,34.1
1376,1008,1298,828,2,32.9
1371,999,1295,833,2,31.0
1373,999,1301,833,2,28.3
1371,1004,1305,833,2,24.5
1361,989,1303,836,2,24.9
1366,998,1303,828,2,24.0
1378,999,1304,834,2,24.5
1380,995,1296,827,2,24.6
1380,1008,1304,828,2,24.6
1389,1012,1299,828,2,25.6
1383,1022,1302,830,2,26.8
1382,1017,1300,824,2,26.1
1378,1016,1294,822,2,25.8
1378,1005,1296,824,2,26.2
1381,1014,1297,821,2,26.0
1388,1017,1299,823,2,26.2
1363,1018,1301,816,2,27.2
1368,1010,1300,805,2,26.8
1354,1015,1291,804,2,28.1
1358,1016,1303,807,2,29.1
1361,1018,1311,799,2,28.7
1364,1022,1296,798,2,29.4
1365,1018,1294,795,2,30.1
1364,1017,1303,802,2,31.1
1368,1029,1303,812,2,33.1
1367,1024,1305,815,2,34.8
1364,1029,1296,809,2,35.3
1382,1037,1301,816,2,33.6
1382,1033,1306,818,2,32.4
1388,1038,1311,820,2,31.1
1394,1033,1313,823,2,31.6
1354,1030,1310,820,2,31.6
1351,1027,1308,815,2,31.6
1359,1024,1310,828,2,31.6
1356,1013,1319,817,2,31.6
1371,1013,1323,816,2,31.6
1365,1020,1325,818,2,31.6
1373,1021,1328,813,2,31.6
1362,1019,1340,817,2,31.6
1358,1013,1333,820,2,31.2
1381,1012,1332,809,2,32.1
1380,1022,1334,811,2,30.7
1369,1019,1327,806,2,29.5
1384,1027,1319,813,2,29.2
1377,1022,1321,804,2,28.1
1359,1007,1320,806,2,27.2
1344,999,1316,805,2,27.2
1352,1008,1322,806,2,27.2
1341,995,1307,797,2,27.3
1353,995,1308,799,2,27.3
1362,999,1309,797,2,27.4
1374,1003,1307,795,2,27.4
1366,996,1295,793,2,27.4
1359,994,1297,785,2,27.4
1348,994,1296,787,2,27.4
1341,1000,1326,791,2,26.7
1326,998,1333,792,2,26.6
1305,1008,1338,793,2,26.4
1310,1004,1326,780,2,26.4
1317,995,1331,778,2,26.3
1313,991,1331,775,2,26.3
1302,999,1341,780,2,25.3
1304,995,1341,782,2,24.7
1316,1007,1344,782,2,25.3
1337,998,1335,780,2,26.7
1352,985,1332,777,2,27.9
1362,989,1334,777,2,27.0
1386,1001,1338,785,2,25.5
1389,998,1336,784,2,26.4
1383,999,1327,790,2,25.7
1385,996,1323,784,2,25.4
1377,995,1330,794,2,24.1
1375,1011,1336,813,2,22.3
1370,1006,1338,813,2,20.9
1374,1013,1336,815,2,22.0
1386,1016,1330,813,2,22.9
1388,1016,1329,816,2,23.3
1372,1016,1327,816,2,23.8
1368,1026,1315,813,2,23.8
1382,1026,1308,790,2,24.1
1386,1018,1304,780,2,24.9
1383,1026,1299,779,2,27.2
1371,1033,1306,788,2,27.9
1362,1037,1315,793,2,27.5
1356,1037,1321,774,2,29.6
1351,1035,1322,780,2,30.5
1359,1034,1320,784,2,31.4
1348,1024,1320,779,2,32.6
1367,1032,1326,786,2,34.8
1366,1036,1324,781,2,33.8
1367,1031,1323,783,2,31.5
1331,1031,1327,789,2,31.4
1326,1039,1336,803,2,31.8
1337,1041,1336,803,2,32.1
1339,1045,1321,800,2,33.3
1334,1048,1313,796,2,32.6
1321,1053,1307,794,2,29.9
1323,1058,1315,801,2,29.9
1314,1061,1313,799,2,32.1
1318,1059,1309,797,2,31.7
1327,1052,1304,805,2,31.5
1334,1052,1290,801,2,31.3
1329,1054,1299,800,2,29.9
1321,1048,1293,794,2,29.5
1345,1043,1294,804,2,30.8
1354,1046,1300,811,2,30.9
1357,1053,1292,796,2,30.9
1361,1061,1293,792,2,29.1
1358,1053,1276,804,2,29.1
1362,1055,1286,801,2,29.2
1364,1053,1289,804,2,30.4
1372,1034,1270,802,2,31.3
1366,1023,1262,783,2,32.4
1368,1025,1269,787,2,31.5
1374,1025,1274,793,2,32.4
1374,1022,1275,795,2,32.5
1357,1023,1286,794,2,32.2
1350,1022,1298,794,2,31.6
1358,1020,1297,796,2,31.7
1355,1007,1292,801,2,32.3
1353,1005,1289,804,2,34.5
1339,1015,1305,812,2,34.5
1322,1012,1306,813,2,34.4
1313,1009,1309,816,2,33.4
1333,998,1295,810,2,31.7
1322,1000,1301,814,2,31.9
1321,1010,1303,821,2,30.9
1315,1023,1318,824,2,29.8
1319,1009,1311,814,2,30.9
1327,1023,1307,813,2,28.9
1315,1013,1306,820,2,29.6
1327,1015,1312,815,2,30.7
1321,1024,1311,814,2,32.1
1310,1023,1313,807,2,31.2
1308,1020,1307,813,2,30.7
1306,1017,1322,824,2,29.9
1310,1021,1338,829,2,30.4
1312,1021,1339,834,2,31.6
1321,1026,1350,834,2,31.3
1289,1017,1336,834,2,30.3
1281,1014,1330,836,2,29.5
1284,1014,1335,832,2,30.9
1276,1026,1346,845,2,30.0
1293,1031,1361,843,2,30.2
1285,1036,1374,847,2,31.4
1279,1031,1376,841,2,31.1
1293,1033,1367,844,2,32.1
1293,1032,1362,838,2,33.6
1297,1037,1363,822,2,34.0
1303,1039,1345,816,2,34.2
1302,1040,1334,816,2,34.2
1320,1033,1337,822,2,34.4
1331,1034,1345,820,2,34.6
1327,1024,1343,822,2,34.8
1332,1019,1342,815,2,33.6
1339,1017,1352,811,2,34.5
1337,1035,1360,807,2,35.9
1340,1030,1354,817,2,36.5
1345,1032,1361,816,2,36.6
1353,1030,1340,808,2,36.6
1332,1031,1357,814,2,37.2
1316,1036,1360,807,2,37.0
1318,1037,1367,817,2,36.3
1310,1039,1376,825,2,36.3
1312,1048,1388,831,2,34.1
1303,1058,1385,828,2,31.2
1316,1052,1391,825,2,32.3
1312,1061,1402,820,2,32.5
1306,1053,1392,819,2,31.9
1323,1053,1393,814,2,30.5
1326,1061,1394,815,2,28.6
1322,1061,1391,823,2,31.2
1333,1064,1388,826,2,33.1
1337,1067,1382,830,2,32.4
1315,1073,1390,823,2,31.6
1307,1070,1390,826,2,31.7
1301,1063,1404,825,2,32.0
1306,1064,1394,821,2,32.2
1319,1056,1397,812,2,33.0
1330,1060,1390,818,2,35.0
1305,1060,1399,826,2,35.3
1304,1062,1399,821,2,34.1
1320,1060,1377,818,2,33.9
1320,1062,1376,809,2,33.6
1339,1061,1372,801,2,34.3
1333,1070,1368,805,2,34.5
1344,1070,1382,794,2,33.4
1343,1063,1380,800,2,32.2
1349,1064,1369,798,2,32.2
1374,1071,1376,804,2,33.0
1370,1070,1375,792,2,33.9
1378,1070,1380,793,2,32.8
1378,1065,1369,790,2,32.5
1373,1062,1363,790,2,31.6
1381,1069,1366,795,2,30.8
1404,1071,1371,788,2,32.3
1401,1070,1379,794,2,31.4
1391,1062,1376,805,2,31.2
1397,1053,1368,788,2,29.9
1393,1044,1368,799,2,31.1
1393,1040,1355,792,2,33.5
1395,1042,1343,799,2,34.8
1388,1043,1349,805,2,35.5
1385,1054,1349,797,2,33.9
1397,1054,1339,790,2,31.7
1405,1046,1334,796,2,29.2
1399,1053,1340,804,2,28.9
1388,1051,1341,798,2,28.6
1395,1058,1336,801,2,29.9
1409,1065,1331,800,2,29.5
1413,1065,1342,799,2,28.3
1412,1065,1339,796,2,27.8
1396,1056,1336,801,2,26.6
1394,1051,1334,804,2,26.2
1392,1042,1337,809,2,24.4
1389,1043,1333,798,2,23.6
1391,1047,1326,805,2,23.8
1388,1051,1327,807,2,23.2
1402,1052,1331,796,2,24.2
1412,1052,1321,785,2,24.9
1409,1046,1312,774,2,26.2
1404,1044,1314,774,2,25.9
1390,1043,1308,782,2,27.5
1381,1039,1327,786,2,25.3
1370,1043,1325,781,2,24.3
1374,1047,1321,781,2,24.7
1357,1050,1321,784,2,24.7
1361,1048,1330,776,2,25.7
1356,1044,1337,782,2,27.9
1353,1038,1327,780,2,27.7
1353,1035,1320,764,2,27.5
1356,1029,1321,757,2,28.0
1372,1037,1316,761,2,27.8
1383,1046,1321,760,2,27.0
1373,1047,1326,772,2,26.8
1356,1055,1344,785,2,25.7
1357,1058,1347,783,2,25.3
1355,1050,1343,788,2,24.8
1323,1062,1347,790,2,25.3
1331,1061,1342,790,2,24.9
1316,1059,1338,796,2,25.3
1330,1058,1341,792,2,26.1
1332,1058,1339,792,2,25.9
1330,1059,1353,805,2,25.2
1319,1058,1358,806,2,24.8
1291,1052,1350,807,2,24.0
1294,1043,1349,808,2,23.5
1312,1045,1349,802,2,24.2
1309,1050,1353,810,2,24.4
1312,1057,1345,817,2,24.8
1283,1052,1343,816,2,24.8
1289,1054,1342,813,2,24.8
1300,1050,1343,808,2,24.9
1296,1034,1337,801,2,24.8
1287,1044,1326,806,2,26.9
1296,1057,1327,798,2,27.5
1310,1060,1334,800,2,29.0
1321,1072,1341,803,2,30.3
1327,1069,1331,786,2,30.9
1335,1066,1325,780,2,31.7
1335,1059,1321,787,2,31.7
1329,1057,1326,798,2,31.7
1335,1066,1331,791,2,31.7
1331,1076,1328,795,2,31.7
1298,1075,1330,799,2,31.7
1293,1076,1339,801,2,32.8
1300,1066,1329,803,2,32.8
1296,1057,1327,806,2,32.8
1300,1052,1330,810,2,32.8
1308,1061,1339,820,2,32.8
1304,1053,1340,818,2,33.8
1307,1054,1340,825,2,33.6
1301,1051,1346,820,2,33.1
1305,1054,1360,816,2,33.1
1312,1043,1351,819,2,33.1
1294,1038,1357,826,2,34.6
1309,1045,1359,828,2,35.0
1300,1046,1362,827,2,37.1
1285,1051,1379,830,2,38.1
1293,1052,1363,821,2,39.3
1309,1053,1356,819,2,39.2
1306,1056,1359,828,2,37.9
1321,1063,1365,840,2,37.9
1309,1055,1363,840,2,37.9
1312,1055,1352,822,2,35.5
1316,1048,1358,824,2,35.2
1312,1044,1368,826,2,34.5
1322,1052,1372,825,2,35.6
1305,1049,1374,826,2,35.6
1294,1048,1369,825,2,35.6
1301,1051,1371,826,2,35.6
1299,1045,1357,814,2,35.6
1308,1034,1350,811,2,35.8
1304,1042,1353,816,2,35.8
1296,1038,1349,808,2,35.8
1296,1030,1334,805,2,35.8
1311,1025,1336,809,2,35.8
1317,1032,1341,806,2,35.5
1314,1037,1331,809,2,33.0
1303,1025,1319,794,2,35.2
1307,1022,1311,792,2,34.0
1316,1017,1306,782,2,34.4
1305,1020,1312,790,2,32.0
1277,1023,1325,803,2,31.2
1274,1012,1315,816,2,30.6
1277,1009,1317,807,2,29.4
1278,1010,1318,814,2,30.5
1272,999,1320,819,2,31.9
1274,1010,1328,818,2,31.1
1278,1007,1325,819,2,30.6
1276,1002,1322,816,2,29.7
1279,994,1323,821,2,30.3
1263,989,1307,821,2,29.4
1249,984,1308,821,2,28.8
1247,982,1309,814,2,27.2
1274,988,1311,826,2,26.6
1265,983,1312,825,2,26.8
1268,986,1314,813,2,27.7
1258,980,1306,813,2,27.4
1258,974,1302,820,2,27.4
1272,979,1301,814,2,27.4
1277,976,1286,800,2,27.4
1265,977,1291,809,2,27.3
1275,974,1289,805,2,27.3
1278,970,1282,799,2,27.3
1269,976,1289,795,2,26.4
1267,974,1279,794,2,26.4
1269,977,1290,787,2,26.4
1265,985,1296,800,2,26.4
1247,988,1284,804,2,26.4
1251,988,1291,800,2,26.9
1249,989,1302,806,2,28.1
1252,984,1296,801,2,27.5
1255,992,1301,803,2,29.8
1259,992,1290,802,2,30.5
1267,986,1288,796,2,33.0
1265,989,1284,795,2,31.7
1259,985,1293,794,2,31.5
1240,983,1287,780,2,33.1
1255,988,1290,785,2,34.7
1260,989,1298,786,2,35.1
1285,1003,1304,796,2,35.5
1290,997,1302,792,2,35.7
1271,998,1298,789,2,35.7
1278,1008,1301,790,2,34.8
1264,1010,1305,801,2,36.1
1274,1002,1298,789,2,35.8
1265,1009,1301,792,2,37.4
1252,1013,1315,794,2,34.8
1256,1010,1316,795,2,35.3
1262,1003,1318,796,2,33.5
1247,1011,1329,801,2,32.4
1242,1007,1337,809,2,32.0
1245,1006,1332,817,2,32.5
1269,1009,1332,818,2,31.5
1273,1007,1342,822,2,29.6
1284,1015,1341,824,2,31.1
1258,1021,1352,827,2,28.9
1262,1019,1350,825,2,31.2
1254,1015,1338,814,2,34.1
1263,1017,1321,798,2,36.2
1264,1011,1329,793,2,37.9
1268,1011,1315,788,2,38.1
1276,1017,1322,790,2,40.1
1282,1006,1317,788,2,39.1
1286,1007,1317,778,2,39.4
1279,1005,1310,787,2,39.2
1275,1015,1320,785,2,39.2
1286,1020,1320,783,2,36.8
1280,1027,1327,784,2,36.2
1288,1030,1327,784,2,36.7
1257,1023,1330,785,2,35.9
1257,1019,1345,791,2,37.2
1258,1016,1348,796,2,37.5
1271,1014,1339,790,2,36.6
1268,1014,1349,801,2,34.4
1245,1011,1357,798,2,32.4
1237,1018,1357,793,2,30.1
1238,1015,1368,797,2,27.4
1232,1020,1382,794,2,27.2
1227,1023,1385,800,2,28.0
1230,1019,1367,793,2,29.8
1233,1017,1372,805,2,29.8
1230,1021,1392,809,2,29.1
1221,1028,1396,817,2,30.3
1230,1033,1396,808,2,32.8
1233,1032,1398,807,2,32.7
1248,1034,1398,810,2,32.8
1245,1035,1407,812,2,32.8
1242,1041,1396,810,2,33.1
1241,1045,1392,803,2,34.4
1258,1045,1395,809,2,34.0
1267,1046,1402,813,2,35.1
1257,1035,1391,807,2,35.8
1261,1041,1397,817,2,34.3
1227,1043,1413,813,2,33.2
1224,1049,1412,817,2,33.9
1191,1041,1410,821,2,34.2
1199,1046,1414,821,2,36.2
1192,1032,1404,817,2,37.4
1162,1019,1392,811,2,36.4
1156,1006,1374,795,2,35.7
1129,999,1368,784,2,35.7
1123,976,1353,774,2,35.4
1109,954,1334,766,2,36.3
1101,939,1323,758,10,35.1
1135,979,1360,806,75,36.6
1145,999,1380,844,142,37.5
1140,996,1381,835,149,39.2
1148,998,1376,832,149,39.2
1151,996,1369,834,149,39.2
1150,1001,1355,838,149,40.0
1147,995,1360,846,149,39.3
1156,1005,1362,845,149,39.3
1174,1004,1370,845,149,39.1
1169,999,1375,842,149,39.6
1173,1017,1380,856,149,39.5
1193,1032,1378,859,149,40.0
1188,1028,1388,867,149,38.3
1188,1030,1382,855,149,37.2
1188,1031,1376,856,149,37.7
1190,1039,1386,866,149,35.8
1182,1040,1382,878,149,35.9
1190,1029,1369,866,149,38.0
1187,1035,1365,866,149,38.2
1190,1034,1368,867,149,38.7
1185,1025,1367,870,149,37.3
1169,1022,1362,867,149,36.6
1179,1024,1364,861,149,35.8
1179,1023,1372,855,149,34.6
1163,1018,1376,865,149,32.4
1147,1018,1368,861,149,30.8
1162,1008,1359,862,149,32.6
1151,1004,1348,860,149,32.3
1157,1003,1343,853,149,32.8
1149,1002,1343,853,149,33.9
1147,997,1348,848,149,36.4
1152,999,1365,862,149,37.8
1166,1010,1379,860,149,36.7
1165,1011,1371,859,149,35.5
1156,1010,1363,851,149,35.2
1155,1011,1351,844,149,35.8
1162,1010,1349,846,149,35.9
1165,1009,1349,852,149,33.5
1167,1011,1354,856,149,32.3
1162,1007,1351,857,149,30.0
1147,1006,1343,856,149,28.6
1133,1002,1340,848,149,28.6
1130,995,1328,850,149,28.2
1141,1001,1323,848,149,29.0
1150,1000,1316,831,149,28.6
1165,995,1310,830,149,28.5
1170,992,1316,837,149,28.9
1171,998,1327,839,149,29.1
1184,1006,1336,841,149,29.2
1195,1024,1363,853,149,29.5
1208,1042,1384,866,149,29.3
1223,1048,1388,871,149,29.5
1238,1054,1393,876,149,28.8
1260,1073,1413,881,149,29.1
1273,1095,1420,889,149,29.4
1286,1112,1435,899,149,29.7
1256,1076,1395,854,97,29.5
1248,1061,1370,819,14,30.3
1247,1062,1369,820,2,30.5
1258,1064,1378,814,2,31.1
1252,1073,1375,813,2,32.8
1249,1057,1376,804,2,33.4
1264,1063,1374,807,2,35.5
1302,1060,1366,803,2,36.7
1303,1061,1367,793,2,36.9
1303,1059,1364,796,2,38.1
1302,1057,1370,804,2,39.1
1286,1052,1373,795,2,40.1
1283,1049,1371,794,2,38.6
1285,1054,1380,802,2,37.2
1274,1047,1375,800,2,38.2
1281,1043,1360,784,2,39.8
1281,1035,1344,785,2,41.6
1273,1046,1345,788,2,44.1
1289,1051,1348,791,2,42.8
1285,1042,1344,788,2,40.9
1282,1045,1348,794,2,40.8
1281,1042,1348,799,2,40.6
1274,1039,1345,800,2,41.1
1280,1036,1341,798,2,43.2
1280,1035,1345,798,2,43.8
1289,1036,1354,786,2,42.5
1278,1039,1356,791,2,40.1
1293,1032,1369,790,2,40.8
1285,1036,1358,790,2,42.0
1288,1037,1358,792,2,42.2
1291,1033,1352,791,2,42.3
1297,1033,1347,783,2,42.0
1310,1032,1337,768,2,41.2
1312,1026,1341,770,2,40.6
1316,1014,1345,767,2,39.0
1312,1018,1348,767,2,36.6
1298,1020,1343,771,2,36.2
1293,1028,1347,786,2,34.9
1287,1031,1348,786,2,35.0
1290,1040,1347,789,2,35.8
1285,1040,1356,797,2,37.5
1293,1039,1357,802,2,38.0
1281,1033,1359,803,2,38.8
1287,1031,1351,796,2,37.0
1287,1031,1353,801,2,34.9
1294,1030,1346,800,2,35.0
1292,1031,1347,793,2,34.9
1306,1027,1344,794,2,35.4
1296,1017,1350,795,2,37.1
1298,1013,1334,778,2,39.9
1292,1003,1312,768,2,42.0
1296,1006,1326,768,2,43.1
1286,1013,1343,768,2,42.0
1275,1014,1337,765,2,41.1
1264,1003,1317,768,2,39.8
1261,1004,1311,771,2,39.5
1266,1004,1307,769,2,39.1
1271,1011,1312,767,2,37.5
1270,1009,1303,776,2,37.9
1281,1009,1293,780,2,37.4
1276,1000,1294,786,2,37.2
1292,1003,1292,789,2,36.4
1255,1012,1307,797,2,34.9
1205,1016,1307,797,2,32.4
1193,1013,1310,796,2,32.2
1188,1016,1309,801,2,30.8
1193,1013,1309,794,2,30.7
1200,1017,1312,790,2,30.1
1188,1019,1301,786,2,29.9
1187,1014,1312,779,2,29.3
1198,1006,1321,782,2,29.6
1207,1011,1323,790,2,29.8
1220,1018,1335,785,2,30.5
1225,1020,1345,783,2,30.6
1219,1020,1344,788,2,31.2
1219,1014,1353,788,2,31.0
1231,1015,1352,791,2,32.5
1217,1018,1355,794,2,33.7
1217,1016,1360,790,2,33.0
1228,1026,1362,802,2,32.7
1225,1024,1354,795,2,34.0
1224,1032,1356,801,2,34.6
1230,1030,1356,808,2,34.6
1208,1033,1362,810,2,34.9
1209,1030,1357,811,2,35.4
1207,1017,1352,814,2,35.3
1219,1018,1355,817,2,36.0
1245,1022,1352,815,2,36.5
1241,1023,1348,815,2,36.4
1247,1026,1352,819,2,35.8
1246,1024,1358,816,2,34.8
1241,1023,1360,823,2,33.2
1256,1027,1358,827,2,32.1
1246,1032,1351,807,2,32.3
1243,1034,1347,812,2,32.6
1236,1028,1343,810,2,32.6
1249,1029,1347,801,2,34.1
1248,1034,1349,801,2,34.4
1241,1035,1349,797,2,35.1
1247,1034,1344,798,2,33.3
1252,1047,1355,805,2,31.7
1251,1043,1358,811,2,30.9
1250,1051,1349,813,2,30.8
1246,1050,1345,814,2,31.2
1249,1054,1340,814,2,32.2
1255,1047,1341,817,2,33.8
1255,1063,1338,811,2,35.5
1253,1060,1332,815,2,36.2
1259,1066,1334,820,2,35.3
1258,1056,1347,825,2,34.0
1269,1061,1359,828,2,34.0
1293,1065,1360,826,2,31.9
1292,1061,1357,820,2,30.0
1284,1056,1356,821,2,29.6
1283,1065,1361,815,2,29.6
1280,1070,1360,827,2,29.8
1288,1063,1369,831,2,30.2
1278,1062,1362,830,2,30.7
1281,1049,1368,824,2,29.8
1305,1050,1359,824,2,28.9
1302,1052,1367,826,2,28.5
1317,1053,1351,833,2,28.2
1292,1056,1345,826,2,27.6
1301,1051,1343,841,2,28.0
1318,1058,1349,841,2,28.0
1326,1064,1343,836,2,28.9
1309,1058,1341,837,2,28.9
1319,1056,1334,836,2,29.6
1309,1051,1329,843,2,30.8
1293,1055,1332,843,2,32.4
1291,1052,1330,841,2,32.4
1315,1062,1342,835,2,33.4
1324,1058,1345,837,2,34.8
1320,1053,1343,837,2,36.4
1314,1055,1333,838,2,37.3
1313,1048,1337,830,2,38.2
1310,1052,1335,830,2,38.7
1311,1043,1351,831,2,40.1
1318,1053,1346,823,2,40.3
1326,1050,1345,822,2,39.2
1319,1054,1351,823,2,38.6
1321,1052,1365,835,2,38.4
1315,1055,1358,825,2,37.9
1313,1042,1356,828,2,36.5
1316,1046,1354,828,2,35.2
1302,1041,1352,834,2,34.9
1304,1043,1359,836,2,35.3
1313,1045,1364,834,2,34.3
1315,1051,1360,827,2,32.6
1299,1051,1363,830,2,31.2
1289,1045,1366,821,2,31.1
1282,1051,1370,821,2,29.9
1281,1043,1376,818,2,28.7
1276,1039,1377,823,2,29.4
1273,1053,1363,810,2,31.4
1284,1056,1366,804,2,33.0
1283,1052,1376,801,2,32.8
1276,1047,1370,792,2,31.7
1263,1046,1370,796,2,32.6
1267,1046,1374,795,2,34.4
1271,1048,1382,791,2,33.7
1267,1043,1378,789,2,33.3
1271,1044,1382,786,2,34.3
1267,1041,1380,785,2,36.2
1273,1033,1380,779,2,37.0
1276,1032,1375,779,2,37.2
1277,1033,1388,787,2,38.6
1262,1023,1380,778,2,39.7
1262,1026,1383,776,2,40.3
1263,1024,1371,775,2,40.0
1261,1021,1366,786,2,40.1
1256,1017,1366,786,2,41.7
1262,1014,1368,782,2,42.4
1257,1010,1372,782,2,43.0
1248,1010,1372,782,2,42.6
1226,1011,1368,770,2,42.9
1219,1006,1359,763,2,42.0
1223,1005,1364,760,2,40.4
1236,1004,1372,768,2,40.6
1237,1007,1363,752,2,41.1
1236,1006,1355,746,2,41.1
1218,1004,1347,752,2,39.5
1234,1014,1359,760,2,37.0
1265,1014,1362,753,2,35.4
1268,1010,1363,749,2,37.5
1274,1011,1365,745,2,37.5
1270,1020,1375,762,2,36.3
1241,1009,1374,767,2,34.3
1223,1015,1380,772,2,33.0
1234,1018,1377,778,2,32.0
1247,1020,1385,775,2,30.9
1243,1031,1388,767,2,30.2
1246,1034,1388,776,2,30.0
1250,1034,1375,767,2,32.4
1249,1030,1364,767,2,32.9
1257,1028,1368,770,2,33.4
1269,1021,1360,769,2,33.2
1269,1033,1361,771,2,32.5
1262,1036,1371,773,2,33.7
1259,1043,1379,768,2,34.7
1251,1040,1377,774,2,37.3
1245,1045,1382,773,2,37.6
1255,1054,1386,770,2,37.0
1238,1053,1393,769,2,38.5
1248,1051,1397,771,2,39.3
1254,1049,1397,774,2,39.2
1262,1046,1393,774,2,39.0
1260,1033,1390,777,2,39.0
1285,1045,1393,775,2,39.3
1312,1045,1389,779,2,37.7
1291,1036,1394,788,2,36.0
1279,1033,1388,794,2,36.8
1282,1033,1384,795,2,37.4
1285,1029,1383,789,2,38.0
1300,1025,1382,789,2,36.2
1297,1033,1378,789,2,35.9
1296,1040,1365,784,2,35.6
1304,1035,1365,778,2,36.9
1310,1032,1368,782,2,36.7
1309,1028,1384,798,2,36.3
1277,1024,1395,810,2,35.4
1267,1024,1386,803,2,34.6
1257,1029,1396,812,2,34.8
1270,1042,1394,811,2,35.5
1272,1029,1393,821,2,36.0
1282,1035,1390,820,2,35.1
1293,1036,1393,815,2,35.9
1270,1035,1399,808,2,36.3
1277,1033,1378,799,2,35.4
1282,1037,1380,801,2,34.9
1289,1039,1381,799,2,32.9
1292,1043,1388,798,2,33.6
1310,1048,1389,806,2,33.0
1294,1052,1397,801,2,31.0
1304,1055,1397,805,2,30.2
1309,1056,1401,809,2,30.2
1310,1053,1399,809,2,29.0
1318,1052,1398,811,2,29.3
1317,1037,1386,805,2,29.0
1308,1045,1383,811,2,29.0
1299,1052,1393,811,2,30.8
1293,1042,1402,808,2,31.9
1282,1047,1404,800,2,34.7
1287,1045,1402,799,2,37.3
1295,1041,1396,785,2,37.4
1288,1042,1392,787,2,37.4
1280,1035,1387,787,2,37.4
1271,1036,1390,783,2,37.9
1261,1032,1382,794,2,41.4
1265,1037,1384,800,2,41.7
1284,1038,1389,796,2,43.5
1283,1040,1389,792,2,45.0
1288,1029,1377,787,2,43.7
1273,1036,1386,796,2,40.6
1272,1043,1377,800,2,42.1
1277,1044,1366,800,2,39.6
1277,1045,1356,797,2,37.1
1272,1039,1359,796,2,38.6
1272,1027,1351,796,2,39.1
1281,1030,1345,790,2,39.6
1274,1039,1344,792,2,39.2
1268,1039,1344,782,2,39.2
1250,1040,1357,785,2,39.2
1248,1044,1358,798,2,38.5
1226,1041,1348,806,2,38.3
1203,1041,1345,799,2,38.3
1210,1045,1357,797,2,39.7
1204,1047,1354,797,2,40.2
1211,1049,1349,802,2,39.8
1197,1064,1363,805,2,39.1
1191,1068,1373,804,2,39.6
1182,1060,1368,807,2,39.0
1184,1059,1371,802,2,38.9
1186,1076,1378,808,2,38.9
1192,1083,1385,814,2,38.7
1193,1075,1381,806,2,39.2
1194,1074,1369,802,2,38.8
1204,1082,1377,805,2,38.5
1204,1069,1379,799,2,37.3
1193,1073,1364,802,2,37.1
1194,1080,1359,801,2,36.7
1183,1074,1364,799,2,35.9
1175,1072,1369,792,2,34.6
1171,1079,1369,791,2,33.5
1181,1069,1377,791,2,34.3
1189,1059,1358,792,2,34.2
1192,1055,1364,793,2,35.8
1199,1047,1363,793,2,35.0
1175,1049,1370,792,2,32.5
1166,1046,1368,800,2,32.0
1162,1051,1380,817,2,31.0
1170,1067,1383,819,2,30.2
1148,1061,1385,819,2,30.7
1132,1059,1389,812,2,32.4
1146,1055,1395,819,2,34.6
1151,1059,1414,828,2,37.1
1166,1066,1419,824,2,37.0
1167,1059,1425,825,2,39.5
1171,1059,1435,831,2,41.4
1182,1067,1436,833,2,42.3
1197,1072,1440,838,2,41.5
1195,1072,1438,837,2,41.1
1199,1075,1438,839,2,42.3
1199,1068,1437,846,2,44.6
1189,1069,1451,848,2,45.8
1195,1072,1462,843,2,44.4
1198,1076,1469,855,2,45.6
1208,1074,1467,861,2,45.8
1204,1074,1471,866,2,45.8
1222,1079,1477,862,2,45.1
1213,1079,1483,869,2,43.3
1205,1070,1486,867,2,43.4
1197,1072,1487,867,2,44.6
1206,1065,1500,871,2,45.7
1198,1072,1501,864,2,43.9
1205,1074,1515,869,2,41.7
1202,1079,1511,865,2,41.2
1204,1084,1529,872,2,40.9
1225,1074,1513,880,2,42.0
1239,1066,1506,872,2,44.8
1243,1069,1502,858,2,43.1
1250,1073,1505,854,2,41.0
1239,1069,1503,850,2,41.2
1255,1067,1508,851,2,42.2
1250,1078,1503,855,2,44.3
1259,1084,1502,858,2,44.6
1258,1090,1512,857,2,41.4
1249,1089,1502,855,2,42.1
1249,1086,1504,856,2,43.9
1242,1066,1499,854,2,44.7
1251,1069,1492,858,2,44.6
1254,1066,1489,857,2,41.7
1258,1067,1475,853,2,41.0
1244,1064,1480,867,2,39.9
1254,1066,1478,879,2,39.9
1263,1062,1480,879,2,41.3
1252,1062,1490,885,2,40.9
1266,1055,1491,894,2,40.8
1279,1053,1481,890,2,39.8
1285,1054,1484,876,2,38.4
1281,1056,1485,868,2,39.9
1273,1062,1484,879,2,40.5
1274,1072,1482,885,2,40.4
1255,1072,1494,890,2,40.3
1255,1068,1488,886,2,42.5
1258,1068,1492,886,2,44.5
1261,1073,1484,869,2,47.1
1260,1062,1482,866,2,49.8
1276,1061,1481,861,2,50.3
1268,1057,1483,863,2,47.8
1265,1061,1494,864,2,49.2
1263,1060,1490,869,2,51.6
1253,1054,1484,862,2,52.9
1252,1045,1477,861,2,52.4
1258,1052,1475,855,2,53.0
1259,1047,1467,851,2,51.9
1235,1040,1465,852,2,52.4
1239,1044,1469,855,2,50.7
1239,1045,1467,858,2,49.4
1233,1050,1463,850,2,47.7
1236,1053,1458,846,2,47.1
1233,1046,1449,843,2,44.5
1242,1043,1440,843,2,44.2
1247,1045,1441,839,2,45.0
1258,1047,1443,838,2,45.2
1236,1038,1450,837,2,44.0
1231,1033,1443,832,2,42.4
1228,1039,1440,826,2,42.4
1231,1057,1443,836,2,42.3
1218,1056,1434,834,2,42.7
1224,1053,1417,825,2,42.8
1239,1048,1400,822,2,42.6
1235,1045,1410,829,2,43.6
1217,1053,1402,828,2,44.9
1195,1051,1417,826,2,43.7
1166,1049,1412,828,2,44.1
1162,1047,1425,836,2,46.3
1173,1046,1421,839,2,44.3
1183,1049,1434,845,2,42.7
1168,1036,1428,843,2,41.8
1164,1031,1426,854,2,43.8
1173,1013,1429,856,2,44.1
1178,1010,1437,869,2,42.2
1171,1018,1445,873,2,40.8
1177,1031,1446,867,2,39.2
1188,1025,1443,870,2,38.6
1182,1032,1446,872,2,39.2
1179,1024,1446,877,2,39.2
1176,1022,1456,875,2,39.2
1183,1035,1451,862,2,41.1
1174,1030,1448,863,2,40.9
1173,1035,1442,862,2,40.0
1179,1042,1444,847,2,39.0
1185,1047,1454,850,2,39.1
1161,1052,1455,849,2,38.8
1136,1050,1449,860,2,38.1
1149,1063,1448,877,2,38.3
1152,1063,1454,871,2,39.5
1178,1063,1447,875,2,41.9
1197,1051,1440,867,2,42.5
1205,1046,1441,873,2,43.5
1213,1052,1442,873,2,42.5
1221,1057,1450,872,2,41.1
1229,1059,1446,872,2,39.5
1210,1051,1457,879,2,39.9
1202,1054,1461,881,2,40.0
1202,1054,1472,878,2,39.7
1195,1051,1467,876,2,41.7
1198,1072,1477,875,2,42.0
1196,1075,1477,880,2,42.6
1197,1065,1468,867,2,42.9
1188,1073,1468,862,2,43.5
1168,1077,1475,859,2,42.6
1163,1080,1480,873,2,42.6
1185,1083,1491,873,2,44.3
1194,1085,1480,876,2,44.5
1187,1088,1481,880,2,43.9
1187,1087,1489,881,2,44.3
1182,1076,1480,886,2,46.3
1194,1078,1484,880,2,45.2
1185,1086,1495,887,2,44.7
1187,1078,1501,883,2,44.6
1183,1073,1507,887,2,43.9
1189,1078,1497,877,2,45.1
1199,1062,1497,884,2,44.9
1199,1071,1495,888,2,45.3
1203,1079,1489,892,2,45.3
1192,1080,1501,894,2,45.2
1196,1077,1497,889,2,45.2
1196,1079,1505,887,2,44.4
1202,1081,1497,888,2,44.5
1200,1080,1500,899,2,45.8
1207,1079,1498,901,2,46.6
1206,1079,1499,901,2,46.7
1197,1070,1485,894,2,47.4
1199,1069,1500,896,2,47.1
1195,1072,1501,891,2,47.4
1181,1076,1504,900,2,47.0
1179,1078,1507,894,2,46.0
1176,1071,1501,887,2,46.5
1171,1067,1502,890,2,46.1
1165,1070,1498,894,2,46.1
1171,1079,1507,892,2,46.3
1184,1077,1507,885,2,46.0
1173,1077,1525,885,2,45.9
1173,1082,1516,881,2,45.2
1178,1076,1523,887,2,45.0
1182,1077,1527,886,2,45.2
1190,1077,1524,889,2,45.5
1187,1074,1521,889,2,45.0
1187,1072,1522,885,2,45.4
1191,1073,1519,890,2,45.6
1187,1065,1512,889,2,45.6
1191,1071,1515,890,2,46.0
1177,1075,1515,887,2,46.5
1164,1084,1527,886,2,46.8
1168,1087,1525,882,2,46.7
1147,1101,1523,883,2,45.9
1142,1094,1514,886,2,45.0
1147,1094,1510,882,2,45.7
1165,1101,1513,879,2,46.3
1160,1103,1510,876,2,47.1
1180,1121,1522,880,2,46.0
1181,1125,1531,878,2,44.1
1176,1094,1512,869,2,43.5
1177,1092,1519,872,2,42.8
1169,1092,1514,882,2,42.1
1171,1094,1519,880,2,42.0
1164,1093,1519,879,2,41.4
1167,1091,1522,883,2,41.4
1137,1091,1512,880,2,41.2
1134,1086,1518,881,2,40.9
1125,1085,1519,891,2,41.6
1123,1085,1511,884,2,41.9
1130,1094,1514,877,2,41.5
1140,1092,1512,871,2,40.7
1133,1091,1518,875,2,39.8
1132,1096,1509,875,2,39.7
1127,1091,1522,874,2,40.3
1133,1098,1532,883,2,40.7
1124,1092,1537,884,2,40.5
1127,1087,1539,878,2,40.6
1132,1083,1535,870,2,39.8
1122,1077,1538,873,2,38.7
1108,1084,1544,876,2,39.5
1113,1091,1536,882,2,40.0
1106,1088,1527,888,2,40.7
1111,1085,1517,880,2,41.1
1118,1085,1514,874,2,41.9
1120,1086,1503,867,2,42.6
1115,1084,1513,863,2,44.4
1127,1093,1504,859,2,45.9
1114,1098,1493,862,2,48.1
1108,1086,1489,851,2,47.0
1116,1084,1491,846,2,48.1
1127,1085,1484,849,2,50.4
1126,1083,1485,858,2,51.3
1116,1082,1496,865,2,52.7
1112,1079,1498,872,2,53.1
1113,1084,1504,874,2,53.0
1110,1090,1500,866,2,51.2
1097,1078,1504,858,2,50.2
1085,1089,1506,848,2,48.2
1094,1078,1509,842,2,46.4
1096,1085,1516,847,2,46.1
1100,1076,1515,845,2,44.9
1107,1069,1497,845,2,45.6
1092,1066,1498,852,2,44.8
1067,1061,1502,861,2,44.4
1077,1057,1510,855,2,44.2
1075,1055,1500,852,2,43.0
1057,1044,1498,859,2,42.1
1055,1044,1500,858,2,41.7
1065,1048,1504,857,2,41.5
1069,1043,1508,875,2,42.9
1073,1045,1503,873,2,44.3
1082,1030,1491,869,2,43.9
1060,1025,1480,866,2,43.9
1046,1009,1475,861,2,45.0
1050,1007,1470,871,2,45.7
1050,1012,1477,868,2,46.6
1048,1012,1478,871,2,47.1
1057,1012,1477,875,2,48.5
1055,1006,1476,875,2,50.0
1050,1000,1487,873,2,50.8
1053,1005,1484,876,2,52.1
1052,1004,1485,870,2,52.4
1059,1009,1500,874,2,52.9
1052,1004,1496,865,2,53.2
1049,1000,1509,878,2,53.2
1047,1006,1502,871,2,52.2
1025,1005,1500,876,2,52.9
1020,1008,1492,877,2,54.3
1032,1006,1493,878,2,53.8
1036,996,1485,887,2,52.7
1026,993,1479,893,2,52.1
1023,989,1480,893,2,50.7
1025,985,1489,891,2,49.1
995,983,1499,897,2,47.7
988,987,1491,896,2,47.1
985,991,1504,898,2,45.8
985,985,1501,903,2,46.6
967,983,1504,913,2,47.0
979,978,1503,924,2,46.7
990,974,1513,927,2,46.5
955,958,1502,922,2,47.4
943,953,1486,913,2,47.3
918,931,1477,907,2,47.5
911,918,1472,905,2,47.2
903,907,1462,899,2,47.1
877,893,1443,890,2,47.1
869,893,1437,884,10,47.2
908,934,1483,935,78,47.6
937,959,1496,967,141,49.0
941,965,1492,962,150,49.8
946,956,1501,966,150,50.2
962,956,1495,969,150,50.6
967,962,1496,965,150,51.2
962,966,1508,966,150,52.1
965,976,1511,971,150,50.7
954,975,1510,977,150,50.9
947,974,1512,984,150,51.7
952,975,1512,991,150,52.2
953,970,1516,985,150,53.8
954,978,1518,985,150,54.4
963,975,1519,979,150,55.8
981,977,1520,993,150,54.9
981,979,1518,999,150,54.7
977,976,1512,1000,150,55.0
986,974,1497,998,150,56.1
987,977,1505,996,150,55.8
961,974,1504,988,150,55.8
943,976,1507,987,150,55.8
927,968,1511,990,150,55.5
927,975,1518,992,150,56.1
917,967,1513,995,150,55.4
910,955,1494,1003,150,57.0
914,961,1497,998,150,58.0
907,957,1490,988,150,59.6
913,962,1487,987,150,60.4
913,963,1488,989,150,59.1
917,971,1480,989,150,57.8
916,959,1472,998,150,57.5
909,949,1460,994,150,59.6
901,952,1453,1009,150,60.8
894,940,1455,1008,150,60.6
900,939,1458,1006,150,60.8
901,937,1460,1009,150,61.1
892,941,1462,1008,150,61.3
900,926,1453,1001,150,61.3
901,938,1456,1012,150,61.8
898,936,1464,1006,150,62.0
905,937,1462,1007,150,61.6
900,931,1456,1003,150,61.7
900,936,1471,1000,150,61.4
902,936,1477,997,150,61.7
907,935,1464,996,150,61.8
918,943,1468,991,150,61.4
933,933,1461,992,150,61.4
929,923,1471,993,150,61.4
928,921,1465,989,150,61.4
936,924,1476,993,150,61.4
943,938,1495,1001,150,61.4
951,953,1501,1007,150,61.4
970,976,1515,1023,150,61.4
981,988,1528,1036,150,61.4
991,998,1536,1043,150,61.4
1000,1006,1551,1057,150,61.4
973,966,1510,1016,99,61.4
943,940,1482,985,15,61.4
941,941,1475,989,2,61.4
930,937,1473,993,2,61.1
919,941,1482,1002,2,59.8
921,940,1476,1003,2,58.4
909,927,1469,1010,2,57.1
892,919,1466,1004,2,57.9
895,918,1468,999,2,57.3
888,928,1458,998,2,57.2
888,936,1464,1007,2,57.3
893,927,1455,998,2,57.4
899,927,1463,985,2,57.6
898,932,1468,992,2,57.0
887,917,1473,980,2,57.0
889,916,1481,976,2,57.5
902,914,1472,979,2,58.6
875,914,1484,977,2,58.2
883,914,1475,980,2,58.1
889,921,1473,975,2,59.1
885,916,1477,976,2,60.0
889,903,1475,984,2,61.5
880,905,1470,981,2,61.8
871,918,1482,986,2,61.9
875,923,1491,982,2,61.6
886,925,1496,988,2,62.4
871,925,1496,988,2,62.6
882,923,1498,987,2,61.8
868,930,1509,988,2,61.5
870,931,1504,982,2,60.8
864,926,1491,978,2,60.9
871,933,1500,987,2,60.9
866,932,1501,972,2,61.2
868,932,1494,962,2,60.9
878,935,1509,964,2,61.5
888,935,1503,961,2,61.2
887,943,1515,971,2,60.9
889,936,1520,978,2,61.1
889,934,1520,968,2,60.8
902,945,1517,971,2,61.0
898,940,1513,964,2,60.8
902,944,1501,960,2,59.7
896,940,1487,967,2,58.6
903,939,1478,978,2,57.5
900,936,1482,976,2,58.7
889,936,1491,980,2,57.0
884,941,1491,985,2,55.8
869,941,1504,986,2,55.6
862,943,1502,989,2,56.9
866,951,1505,1001,2,56.7
879,950,1503,992,2,57.2
888,947,1495,987,2,57.3
860,935,1507,976,2,58.0
863,937,1514,981,2,59.0
867,951,1509,977,2,59.7
867,943,1505,970,2,60.2
861,940,1496,965,2,60.7
859,944,1501,964,2,61.0
866,943,1502,962,2,61.0
876,943,1490,952,2,60.8
883,932,1490,942,2,60.8
870,941,1499,944,2,60.8
854,943,1507,952,2,60.7
854,941,1503,956,2,60.9
857,938,1499,956,2,61.3
865,929,1511,957,2,61.1
855,918,1512,946,2,61.1
837,925,1501,951,2,61.3
834,924,1502,956,2,61.1
840,923,1494,948,2,61.2
842,929,1489,939,2,60.8
821,931,1500,937,2,59.7
816,932,1509,940,2,58.2
819,925,1497,945,2,57.4
797,924,1494,933,2,57.2
778,921,1490,933,2,57.1
777,920,1489,934,2,57.4
777,916,1499,938,2,58.5
789,916,1493,933,2,60.1
798,931,1489,928,2,60.7
814,931,1490,925,2,60.2
815,921,1489,925,2,61.4
804,921,1482,924,2,61.4
812,922,1485,939,2,61.4
802,922,1475,950,2,61.3
799,918,1478,950,2,61.5
783,909,1485,944,2,61.3
780,919,1486,950,2,61.3
772,911,1494,949,2,61.4
773,925,1498,951,2,61.5
776,918,1481,942,2,60.8
777,923,1480,944,2,61.0
776,911,1493,937,2,60.7
782,916,1495,933,2,60.3
764,912,1483,939,2,60.4
770,895,1481,958,2,60.8
772,898,1478,962,2,60.6
761,898,1491,960,2,60.2
756,889,1483,963,2,60.5
742,884,1488,957,2,60.7
743,892,1477,955,2,60.8
743,888,1472,952,2,60.8
744,881,1467,958,2,60.8
750,875,1456,960,2,60.8
752,879,1452,944,2,60.8
761,876,1455,943,2,61.0
732,878,1456,951,2,61.0
719,874,1452,951,2,61.2
719,874,1455,956,2,61.4
722,873,1456,958,2,61.2
716,866,1462,954,2,60.9
718,863,1460,957,2,61.2
733,859,1455,950,2,61.0
724,854,1438,946,2,60.9
716,848,1450,947,2,60.9
719,852,1453,942,2,60.6
717,852,1456,946,2,60.5
707,842,1450,940,2,60.4
703,838,1449,940,2,60.1
710,840,1458,941,2,59.9
722,847,1462,943,2,59.9
758,857,1468,943,2,59.9
770,851,1452,940,2,59.8
772,857,1456,933,2,59.7
767,851,1448,930,2,60.0
765,853,1439,925,2,60.1
774,848,1443,925,2,60.2
777,846,1443,916,2,60.4
770,836,1429,916,2,60.3
774,844,1427,918,2,60.2
790,844,1440,922,2,60.5
790,849,1441,922,2,60.5
799,860,1449,924,2,60.6
803,857,1450,926,2,60.9
796,867,1450,921,2,60.9
798,853,1448,914,2,61.0
798,851,1451,928,2,60.7
801,854,1450,924,2,61.1
810,853,1435,915,2,61.3
808,848,1439,908,2,61.1
801,840,1426,903,2,61.0
810,844,1431,899,2,61.2
822,845,1428,908,2,61.0
818,838,1426,908,2,61.1
828,841,1404,902,2,60.9
814,836,1401,905,2,60.5
822,829,1409,911,2,60.6
811,828,1405,920,2,60.5
810,825,1402,921,2,60.3
818,827,1387,922,2,60.1
830,839,1402,926,2,60.2
835,831,1395,921,12,60.5
829,829,1387,940,13,60.4
828,828,1379,949,13,60.1
827,827,1371,949,14,60.2
825,822,1360,949,14,60.3
817,806,1356,959,16,60.3
828,804,1358,974,23,60.7
823,806,1357,984,32,61.0
824,815,1375,999,40,61.3
835,832,1388,1016,53,61.9
837,828,1382,1035,62,62.0
839,825,1370,1044,67,62.2
850,830,1367,1055,73,62.2
857,833,1375,1060,73,62.2
858,833,1364,1064,74,62.3
859,829,1370,1064,74,62.0
860,830,1372,1064,75,62.3
848,828,1374,1071,75,62.7
852,825,1375,1080,76,62.5
850,830,1364,1107,84,62.5
841,821,1360,1125,87,62.6
848,825,1362,1124,87,62.6
852,826,1367,1132,87,62.1
862,828,1361,1133,87,61.5
856,820,1356,1132,89,61.4
856,813,1357,1152,93,61.4
817,807,1353,1171,97,61.2
808,808,1357,1178,99,61.2
794,818,1360,1181,99,60.7
799,810,1351,1177,99,60.6
816,808,1355,1188,99,60.6
812,799,1347,1201,99,60.7
806,795,1352,1230,113,60.7
814,804,1351,1245,121,60.6
825,809,1357,1260,122,60.9
817,815,1359,1266,128,61.1
817,814,1366,1270,129,61.5
808,806,1371,1268,129,61.6
810,803,1355,1274,129,61.6
797,798,1362,1276,129,62.1
806,795,1357,1274,129,61.9
805,799,1369,1281,129,62.1
810,802,1364,1278,129,62.7
803,798,1354,1280,129,63.9
808,794,1357,1283,129,64.4
806,793,1362,1284,129,64.9
805,799,1360,1284,130,65.5
800,803,1354,1283,131,66.3
809,801,1353,1285,132,67.5
806,803,1352,1293,132,68.3
804,799,1359,1289,132,68.9
801,795,1359,1293,132,69.0
802,794,1357,1286,132,69.3
799,794,1360,1290,137,70.7
806,800,1365,1294,142,71.7
796,796,1359,1300,143,73.5
797,801,1364,1305,135,74.1
796,799,1358,1306,135,74.6
800,795,1365,1297,135,74.6
815,793,1369,1294,136,74.9
812,790,1371,1289,138,75.0
810,792,1370,1287,138,75.1
811,791,1369,1280,137,75.3
814,785,1368,1271,128,75.3
816,778,1351,1264,124,75.3
806,762,1340,1247,115,75.3
798,750,1346,1252,111,75.7
778,749,1350,1255,115,76.5
764,753,1354,1249,106,76.6
771,750,1347,1262,107,76.4
776,758,1335,1268,108,76.3
776,753,1332,1265,111,76.2
779,752,1336,1274,117,76.1
782,740,1331,1273,118,76.0
785,739,1327,1272,120,76.1
781,732,1334,1249,114,76.1
788,749,1314,1236,107,75.9
786,742,1326,1251,107,76.1
796,762,1335,1272,125,75.9
804,772,1352,1301,161,75.8
805,778,1359,1317,182,75.5
796,777,1355,1337,197,75.5
795,780,1349,1326,198,75.7
792,773,1354,1341,204,75.4
792,771,1356,1338,206,74.7
789,778,1356,1345,206,74.3
785,776,1349,1354,212,74.3
792,781,1361,1371,222,74.3
790,775,1346,1355,209,74.3
787,779,1341,1331,201,74.3
791,774,1333,1323,200,74.4
799,777,1336,1324,199,74.5
786,775,1322,1326,199,74.6
786,768,1315,1328,203,74.7
790,765,1309,1341,204,74.7
806,773,1314,1348,206,74.6
807,779,1308,1358,215,74.2
809,783,1312,1384,228,74.1
813,786,1321,1407,235,74.2
822,784,1324,1424,241,74.1
908,792,1319,1424,245,73.3
951,802,1323,1443,250,73.2
1022,821,1325,1450,252,73.3
1086,820,1330,1450,251,74.1
1097,814,1328,1456,251,74.2
1109,824,1334,1457,252,74.1
1172,827,1327,1457,252,73.8
1199,833,1332,1480,259,74.0
1226,834,1328,1472,259,73.8
1247,837,1313,1471,250,73.8
1261,830,1312,1466,249,73.7
1275,842,1313,1465,263,73.9
1287,841,1297,1467,266,74.1
1313,851,1303,1484,277,74.1
1318,854,1309,1488,281,74.1
1325,856,1303,1506,285,74.6
1347,858,1307,1513,288,74.7
1339,857,1308,1532,297,74.8
1351,865,1315,1546,304,74.8
1360,862,1316,1558,311,75.0
1356,871,1325,1569,328,74.9
1375,890,1338,1603,355,74.9
1396,914,1398,1638,382,74.9
1414,923,1427,1671,419,74.7
1413,935,1432,1683,434,74.3
1428,938,1452,1710,463,74.4
1435,959,1478,1746,497,74.4
1436,965,1486,1770,506,74.4
1438,960,1483,1772,503,74.3
1446,970,1488,1778,513,74.4
1470,972,1495,1785,521,74.8
1516,982,1503,1785,522,74.9
1526,983,1517,1798,536,75.2
1542,1008,1531,1839,569,75.3
1553,1014,1548,1866,588,75.3
1540,1009,1538,1855,577,75.3
1539,1004,1535,1843,564,75.3
1539,1001,1541,1837,555,75.4
1546,1011,1545,1852,564,75.0
1530,1004,1544,1846,557,74.9
1535,1004,1539,1844,560,74.7
1545,1014,1546,1867,568,74.6
1533,1012,1543,1868,561,74.4
1538,1017,1545,1855,555,74.8
1540,1011,1543,1860,559,74.8
1545,1007,1542,1863,553,75.8
1540,1013,1534,1861,558,75.8
1532,997,1527,1854,557,75.8
1571,992,1536,1856,557,75.9
1620,998,1538,1850,556,75.9
1635,1004,1542,1857,564,75.9
1644,1013,1561,1880,579,75.9
1668,1029,1598,1909,597,75.9
1674,1042,1634,1930,622,76.0
1721,1065,1677,1979,659,76.4
1752,1096,1724,2024,693,76.6
1718,1105,1736,2054,708,76.6
1694,1097,1730,2055,709,76.6
1653,1076,1731,2046,708,76.5
1620,1066,1732,2043,712,76.4
1625,1078,1734,2063,724,76.6
1621,1073,1728,2072,730,76.4
1575,1074,1727,2072,733,76.7
1543,1073,1732,2067,734,77.2
1543,1079,1764,2100,753,77.3
1535,1087,1783,2140,771,77.2
1529,1097,1793,2156,785,77.2
1530,1109,1823,2194,807,77.2
1542,1107,1848,2226,835,77.1
1525,1109,1850,2216,825,76.9
1515,1109,1853,2228,827,76.9
1513,1103,1855,2232,828,76.9
1515,1097,1855,2238,837,76.9
1513,1095,1855,2228,836,76.9
1519,1095,1855,2224,829,77.0
1511,1090,1852,2215,823,77.0
1514,1086,1855,2222,817,77.0
1499,1082,1838,2211,810,77.0
1478,1071,1814,2193,794,77.0
1457,1046,1771,2138,764,77.0
1459,1053,1780,2154,768,77.0
1459,1051,1785,2154,762,77.0
1451,1045,1800,2159,757,77.0
1461,1050,1818,2180,775,77.0
1480,1064,1829,2207,804,76.9
1462,1069,1837,2223,810,77.0
1453,1070,1848,2242,819,76.6
1423,1077,1870,2271,837,76.6
1404,1072,1862,2274,834,76.6
1404,1054,1866,2266,821,76.6
1406,1049,1893,2277,811,76.6
1422,1062,1927,2297,831,76.6
1429,1085,1961,2347,877,76.4
1448,1097,1981,2377,902,76.3
1460,1103,2020,2394,916,76.5
1472,1114,2050,2436,937,76.2
1489,1117,2082,2486,956,76.1
1490,1123,2101,2498,972,76.3
1490,1133,2113,2510,984,75.8
1495,1127,2109,2522,985,75.4
1497,1133,2106,2523,990,75.3
1518,1145,2133,2557,1028,75.4
1541,1157,2151,2591,1064,75.7
1550,1170,2170,2634,1099,75.5
1544,1189,2190,2684,1142,75.5
1499,1186,2194,2705,1158,75.5
1406,1187,2202,2709,1164,75.5
1368,1187,2192,2699,1160,75.5
1343,1164,2159,2679,1142,75.5
1311,1146,2125,2655,1112,75.5
1261,1116,2085,2595,1069,75.5
1213,1096,2050,2553,1043,75.5
1205,1082,2040,2528,1035,75.5
1206,1101,2052,2550,1051,75.2
1205,1116,2076,2582,1069,75.1
1209,1117,2063,2579,1073,75.1
1197,1113,2055,2564,1061,75.1
1189,1111,2048,2565,1061,75.2
1171,1105,2052,2575,1064,75.2
1180,1109,2067,2589,1074,75.2
1171,1115,2062,2595,1073,75.2
1173,1100,2043,2567,1057,75.2
1173,1099,2036,2564,1048,75.2
1151,1076,1997,2523,1018,75.2
1147,1076,1982,2486,999,75.2
1145,1090,2004,2513,1023,75.2
1166,1124,2046,2541,1057,75.7
1174,1138,2068,2560,1077,78.3
1176,1138,2071,2557,1078,77.8
1191,1143,2069,2567,1091,78.5
1222,1150,2085,2595,1113,79.3
1237,1169,2108,2630,1139,78.9
